<annotation>
  <folder>Definitiva</folder>
  <filename>armas (110)</filename>
  <path>C:\Users\Rob\Desktop\Definitiva\armas (110).jpg</path>
  <source>
    <database>Unknown</database>
  </source>
  <size>
    <width>1300</width>
    <height>731</height>
    <depth>1</depth>
  </size>
  <segmented>0</segmented>
  <object>
    <name>pistol</name>
    <pose>Unspecified</pose>
    <truncated>0</truncated>
    <difficult>0</difficult>
    <bndbox>
      <xmin>239</xmin>
      <ymin>51</ymin>
      <xmax>1027</xmax>
      <ymax>667</ymax>
    </bndbox>
  </object>
</annotation>
