<annotation>
  <folder>Definitiva</folder>
  <filename>armas (1246)</filename>
  <path>C:\Users\Rob\Desktop\Definitiva\armas (1246).jpg</path>
  <source>
    <database>Unknown</database>
  </source>
  <size>
    <width>376</width>
    <height>500</height>
    <depth>3</depth>
  </size>
  <segmented>0</segmented>
  <object>
    <name>pistol</name>
    <pose>Unspecified</pose>
    <truncated>0</truncated>
    <difficult>0</difficult>
    <bndbox>
      <xmin>90</xmin>
      <ymin>132</ymin>
      <xmax>282</xmax>
      <ymax>253</ymax>
    </bndbox>
  </object>
</annotation>
