<annotation>
  <folder>Definitiva</folder>
  <filename>armas (1436)</filename>
  <path>C:\Users\Rob\Desktop\Definitiva\armas (1436).jpg</path>
  <source>
    <database>Unknown</database>
  </source>
  <size>
    <width>375</width>
    <height>500</height>
    <depth>3</depth>
  </size>
  <segmented>0</segmented>
  <object>
    <name>pistol</name>
    <pose>Unspecified</pose>
    <truncated>0</truncated>
    <difficult>0</difficult>
    <bndbox>
      <xmin>106</xmin>
      <ymin>9</ymin>
      <xmax>270</xmax>
      <ymax>118</ymax>
    </bndbox>
  </object>
</annotation>
