<annotation>
  <folder>Definitiva</folder>
  <filename>armas (1019)</filename>
  <path>C:\Users\Rob\Desktop\Definitiva\armas (1019).jpg</path>
  <source>
    <database>Unknown</database>
  </source>
  <size>
    <width>269</width>
    <height>187</height>
    <depth>1</depth>
  </size>
  <segmented>0</segmented>
  <object>
    <name>pistol</name>
    <pose>Unspecified</pose>
    <truncated>0</truncated>
    <difficult>0</difficult>
    <bndbox>
      <xmin>39</xmin>
      <ymin>55</ymin>
      <xmax>165</xmax>
      <ymax>145</ymax>
    </bndbox>
  </object>
</annotation>
