<annotation>
  <folder>Definitiva</folder>
  <filename>armas (1173)</filename>
  <path>C:\Users\Rob\Desktop\Definitiva\armas (1173).jpg</path>
  <source>
    <database>Unknown</database>
  </source>
  <size>
    <width>523</width>
    <height>350</height>
    <depth>3</depth>
  </size>
  <segmented>0</segmented>
  <object>
    <name>pistol</name>
    <pose>Unspecified</pose>
    <truncated>0</truncated>
    <difficult>0</difficult>
    <bndbox>
      <xmin>41</xmin>
      <ymin>15</ymin>
      <xmax>478</xmax>
      <ymax>319</ymax>
    </bndbox>
  </object>
</annotation>
