<annotation>
  <folder>Definitiva</folder>
  <filename>armas (1137)</filename>
  <path>C:\Users\Rob\Desktop\Definitiva\armas (1137).jpg</path>
  <source>
    <database>Unknown</database>
  </source>
  <size>
    <width>750</width>
    <height>418</height>
    <depth>3</depth>
  </size>
  <segmented>0</segmented>
  <object>
    <name>pistol</name>
    <pose>Unspecified</pose>
    <truncated>0</truncated>
    <difficult>0</difficult>
    <bndbox>
      <xmin>90</xmin>
      <ymin>4</ymin>
      <xmax>685</xmax>
      <ymax>417</ymax>
    </bndbox>
  </object>
</annotation>
