<annotation>
  <folder>Definitiva</folder>
  <filename>armas (1192)</filename>
  <path>C:\Users\Rob\Desktop\Definitiva\armas (1192).jpg</path>
  <source>
    <database>Unknown</database>
  </source>
  <size>
    <width>124</width>
    <height>160</height>
    <depth>3</depth>
  </size>
  <segmented>0</segmented>
  <object>
    <name>pistol</name>
    <pose>Unspecified</pose>
    <truncated>0</truncated>
    <difficult>0</difficult>
    <bndbox>
      <xmin>8</xmin>
      <ymin>37</ymin>
      <xmax>65</xmax>
      <ymax>115</ymax>
    </bndbox>
  </object>
  <object>
    <name>pistol</name>
    <pose>Unspecified</pose>
    <truncated>0</truncated>
    <difficult>0</difficult>
    <bndbox>
      <xmin>55</xmin>
      <ymin>70</ymin>
      <xmax>119</xmax>
      <ymax>152</ymax>
    </bndbox>
  </object>
</annotation>
