<annotation>
  <folder>Definitiva</folder>
  <filename>armas (1358)</filename>
  <path>C:\Users\Rob\Desktop\Definitiva\armas (1358).jpg</path>
  <source>
    <database>Unknown</database>
  </source>
  <size>
    <width>500</width>
    <height>404</height>
    <depth>3</depth>
  </size>
  <segmented>0</segmented>
  <object>
    <name>pistol</name>
    <pose>Unspecified</pose>
    <truncated>0</truncated>
    <difficult>0</difficult>
    <bndbox>
      <xmin>16</xmin>
      <ymin>31</ymin>
      <xmax>223</xmax>
      <ymax>284</ymax>
    </bndbox>
  </object>
  <object>
    <name>pistol</name>
    <pose>Unspecified</pose>
    <truncated>0</truncated>
    <difficult>0</difficult>
    <bndbox>
      <xmin>267</xmin>
      <ymin>36</ymin>
      <xmax>478</xmax>
      <ymax>292</ymax>
    </bndbox>
  </object>
</annotation>
