<annotation>
  <folder>Definitiva</folder>
  <filename>armas (1292)</filename>
  <path>C:\Users\Rob\Desktop\Definitiva\armas (1292).jpg</path>
  <source>
    <database>Unknown</database>
  </source>
  <size>
    <width>375</width>
    <height>500</height>
    <depth>3</depth>
  </size>
  <segmented>0</segmented>
  <object>
    <name>pistol</name>
    <pose>Unspecified</pose>
    <truncated>0</truncated>
    <difficult>0</difficult>
    <bndbox>
      <xmin>102</xmin>
      <ymin>191</ymin>
      <xmax>176</xmax>
      <ymax>313</ymax>
    </bndbox>
  </object>
  <object>
    <name>pistol</name>
    <pose>Unspecified</pose>
    <truncated>0</truncated>
    <difficult>0</difficult>
    <bndbox>
      <xmin>238</xmin>
      <ymin>271</ymin>
      <xmax>261</xmax>
      <ymax>305</ymax>
    </bndbox>
  </object>
</annotation>
