<annotation>
  <folder>Definitiva</folder>
  <filename>armas (1146)</filename>
  <path>C:\Users\Rob\Desktop\Definitiva\armas (1146).jpg</path>
  <source>
    <database>Unknown</database>
  </source>
  <size>
    <width>1280</width>
    <height>1125</height>
    <depth>3</depth>
  </size>
  <segmented>0</segmented>
  <object>
    <name>pistol</name>
    <pose>Unspecified</pose>
    <truncated>0</truncated>
    <difficult>0</difficult>
    <bndbox>
      <xmin>154</xmin>
      <ymin>76</ymin>
      <xmax>1166</xmax>
      <ymax>490</ymax>
    </bndbox>
  </object>
</annotation>
