<annotation>
  <folder>Definitiva</folder>
  <filename>armas (1200)</filename>
  <path>C:\Users\Rob\Desktop\Definitiva\armas (1200).jpg</path>
  <source>
    <database>Unknown</database>
  </source>
  <size>
    <width>500</width>
    <height>375</height>
    <depth>3</depth>
  </size>
  <segmented>0</segmented>
  <object>
    <name>pistol</name>
    <pose>Unspecified</pose>
    <truncated>0</truncated>
    <difficult>0</difficult>
    <bndbox>
      <xmin>184</xmin>
      <ymin>145</ymin>
      <xmax>361</xmax>
      <ymax>293</ymax>
    </bndbox>
  </object>
  <object>
    <name>pistol</name>
    <pose>Unspecified</pose>
    <truncated>0</truncated>
    <difficult>0</difficult>
    <bndbox>
      <xmin>12</xmin>
      <ymin>117</ymin>
      <xmax>262</xmax>
      <ymax>242</ymax>
    </bndbox>
  </object>
</annotation>
