<annotation>
  <folder>Definitiva</folder>
  <filename>armas (1224)</filename>
  <path>C:\Users\Rob\Desktop\Definitiva\armas (1224).jpg</path>
  <source>
    <database>Unknown</database>
  </source>
  <size>
    <width>570</width>
    <height>359</height>
    <depth>3</depth>
  </size>
  <segmented>0</segmented>
  <object>
    <name>pistol</name>
    <pose>Unspecified</pose>
    <truncated>0</truncated>
    <difficult>0</difficult>
    <bndbox>
      <xmin>6</xmin>
      <ymin>31</ymin>
      <xmax>534</xmax>
      <ymax>336</ymax>
    </bndbox>
  </object>
</annotation>
