<annotation>
  <folder>Definitiva</folder>
  <filename>armas (1228)</filename>
  <path>C:\Users\Rob\Desktop\Definitiva\armas (1228).jpg</path>
  <source>
    <database>Unknown</database>
  </source>
  <size>
    <width>375</width>
    <height>500</height>
    <depth>3</depth>
  </size>
  <segmented>0</segmented>
  <object>
    <name>pistol</name>
    <pose>Unspecified</pose>
    <truncated>0</truncated>
    <difficult>0</difficult>
    <bndbox>
      <xmin>200</xmin>
      <ymin>99</ymin>
      <xmax>221</xmax>
      <ymax>111</ymax>
    </bndbox>
  </object>
  <object>
    <name>pistol</name>
    <pose>Unspecified</pose>
    <truncated>0</truncated>
    <difficult>0</difficult>
    <bndbox>
      <xmin>223</xmin>
      <ymin>366</ymin>
      <xmax>294</xmax>
      <ymax>500</ymax>
    </bndbox>
  </object>
</annotation>
