<annotation>
  <folder>Definitiva</folder>
  <filename>armas (1214)</filename>
  <path>C:\Users\Rob\Desktop\Definitiva\armas (1214).jpg</path>
  <source>
    <database>Unknown</database>
  </source>
  <size>
    <width>500</width>
    <height>375</height>
    <depth>3</depth>
  </size>
  <segmented>0</segmented>
  <object>
    <name>pistol</name>
    <pose>Unspecified</pose>
    <truncated>0</truncated>
    <difficult>0</difficult>
    <bndbox>
      <xmin>231</xmin>
      <ymin>1</ymin>
      <xmax>500</xmax>
      <ymax>251</ymax>
    </bndbox>
  </object>
</annotation>
