<annotation>
  <folder>Definitiva</folder>
  <filename>armas (1402)</filename>
  <path>C:\Users\Rob\Desktop\Definitiva\armas (1402).jpg</path>
  <source>
    <database>Unknown</database>
  </source>
  <size>
    <width>500</width>
    <height>375</height>
    <depth>3</depth>
  </size>
  <segmented>0</segmented>
  <object>
    <name>pistol</name>
    <pose>Unspecified</pose>
    <truncated>0</truncated>
    <difficult>0</difficult>
    <bndbox>
      <xmin>104</xmin>
      <ymin>163</ymin>
      <xmax>328</xmax>
      <ymax>304</ymax>
    </bndbox>
  </object>
  <object>
    <name>pistol</name>
    <pose>Unspecified</pose>
    <truncated>0</truncated>
    <difficult>0</difficult>
    <bndbox>
      <xmin>154</xmin>
      <ymin>80</ymin>
      <xmax>384</xmax>
      <ymax>249</ymax>
    </bndbox>
  </object>
</annotation>
