<annotation>
  <folder>Definitiva</folder>
  <filename>armas (1090)</filename>
  <path>C:\Users\Rob\Desktop\Definitiva\armas (1090).jpg</path>
  <source>
    <database>Unknown</database>
  </source>
  <size>
    <width>3072</width>
    <height>2166</height>
    <depth>3</depth>
  </size>
  <segmented>0</segmented>
  <object>
    <name>pistol</name>
    <pose>Unspecified</pose>
    <truncated>0</truncated>
    <difficult>0</difficult>
    <bndbox>
      <xmin>531</xmin>
      <ymin>448</ymin>
      <xmax>1101</xmax>
      <ymax>693</ymax>
    </bndbox>
  </object>
</annotation>
