<annotation>
  <folder>Definitiva</folder>
  <filename>armas (1167)</filename>
  <path>C:\Users\Rob\Desktop\Definitiva\armas (1167).jpg</path>
  <source>
    <database>Unknown</database>
  </source>
  <size>
    <width>259</width>
    <height>194</height>
    <depth>3</depth>
  </size>
  <segmented>0</segmented>
  <object>
    <name>pistol</name>
    <pose>Unspecified</pose>
    <truncated>0</truncated>
    <difficult>0</difficult>
    <bndbox>
      <xmin>21</xmin>
      <ymin>78</ymin>
      <xmax>146</xmax>
      <ymax>163</ymax>
    </bndbox>
  </object>
  <object>
    <name>pistol</name>
    <pose>Unspecified</pose>
    <truncated>0</truncated>
    <difficult>0</difficult>
    <bndbox>
      <xmin>84</xmin>
      <ymin>31</ymin>
      <xmax>221</xmax>
      <ymax>111</ymax>
    </bndbox>
  </object>
</annotation>
