<annotation>
  <folder>Definitiva</folder>
  <filename>armas (1394)</filename>
  <path>C:\Users\Rob\Desktop\Definitiva\armas (1394).jpg</path>
  <source>
    <database>Unknown</database>
  </source>
  <size>
    <width>375</width>
    <height>500</height>
    <depth>3</depth>
  </size>
  <segmented>0</segmented>
  <object>
    <name>pistol</name>
    <pose>Unspecified</pose>
    <truncated>0</truncated>
    <difficult>0</difficult>
    <bndbox>
      <xmin>211</xmin>
      <ymin>154</ymin>
      <xmax>296</xmax>
      <ymax>224</ymax>
    </bndbox>
  </object>
</annotation>
