<annotation>
  <folder>Definitiva</folder>
  <filename>armas (1063)</filename>
  <path>C:\Users\Rob\Desktop\Definitiva\armas (1063).jpg</path>
  <source>
    <database>Unknown</database>
  </source>
  <size>
    <width>600</width>
    <height>265</height>
    <depth>1</depth>
  </size>
  <segmented>0</segmented>
  <object>
    <name>pistol</name>
    <pose>Unspecified</pose>
    <truncated>0</truncated>
    <difficult>0</difficult>
    <bndbox>
      <xmin>4</xmin>
      <ymin>3</ymin>
      <xmax>459</xmax>
      <ymax>211</ymax>
    </bndbox>
  </object>
</annotation>
