<annotation>
  <folder>Definitiva</folder>
  <filename>armas (1150)</filename>
  <path>C:\Users\Rob\Desktop\Definitiva\armas (1150).jpg</path>
  <source>
    <database>Unknown</database>
  </source>
  <size>
    <width>365</width>
    <height>205</height>
    <depth>3</depth>
  </size>
  <segmented>0</segmented>
  <object>
    <name>pistol</name>
    <pose>Unspecified</pose>
    <truncated>0</truncated>
    <difficult>0</difficult>
    <bndbox>
      <xmin>58</xmin>
      <ymin>1</ymin>
      <xmax>278</xmax>
      <ymax>168</ymax>
    </bndbox>
  </object>
</annotation>
