<annotation>
  <folder>Definitiva</folder>
  <filename>armas (1206)</filename>
  <path>C:\Users\Rob\Desktop\Definitiva\armas (1206).jpg</path>
  <source>
    <database>Unknown</database>
  </source>
  <size>
    <width>590</width>
    <height>416</height>
    <depth>3</depth>
  </size>
  <segmented>0</segmented>
  <object>
    <name>pistol</name>
    <pose>Unspecified</pose>
    <truncated>0</truncated>
    <difficult>0</difficult>
    <bndbox>
      <xmin>190</xmin>
      <ymin>16</ymin>
      <xmax>560</xmax>
      <ymax>259</ymax>
    </bndbox>
  </object>
  <object>
    <name>pistol</name>
    <pose>Unspecified</pose>
    <truncated>0</truncated>
    <difficult>0</difficult>
    <bndbox>
      <xmin>12</xmin>
      <ymin>191</ymin>
      <xmax>380</xmax>
      <ymax>393</ymax>
    </bndbox>
  </object>
</annotation>
