<annotation>
  <folder>Definitiva</folder>
  <filename>armas (1141)</filename>
  <path>C:\Users\Rob\Desktop\Definitiva\armas (1141).jpg</path>
  <source>
    <database>Unknown</database>
  </source>
  <size>
    <width>2000</width>
    <height>1325</height>
    <depth>3</depth>
  </size>
  <segmented>0</segmented>
  <object>
    <name>pistol</name>
    <pose>Unspecified</pose>
    <truncated>0</truncated>
    <difficult>0</difficult>
    <bndbox>
      <xmin>487</xmin>
      <ymin>512</ymin>
      <xmax>696</xmax>
      <ymax>718</ymax>
    </bndbox>
  </object>
</annotation>
