<annotation>
  <folder>Definitiva</folder>
  <filename>armas (1083)</filename>
  <path>C:\Users\Rob\Desktop\Definitiva\armas (1083).jpg</path>
  <source>
    <database>Unknown</database>
  </source>
  <size>
    <width>136</width>
    <height>170</height>
    <depth>3</depth>
  </size>
  <segmented>0</segmented>
  <object>
    <name>pistol</name>
    <pose>Unspecified</pose>
    <truncated>0</truncated>
    <difficult>0</difficult>
    <bndbox>
      <xmin>66</xmin>
      <ymin>4</ymin>
      <xmax>85</xmax>
      <ymax>55</ymax>
    </bndbox>
  </object>
</annotation>
