<annotation>
  <folder>Definitiva</folder>
  <filename>armas (1186)</filename>
  <path>C:\Users\Rob\Desktop\Definitiva\armas (1186).jpg</path>
  <source>
    <database>Unknown</database>
  </source>
  <size>
    <width>585</width>
    <height>390</height>
    <depth>3</depth>
  </size>
  <segmented>0</segmented>
  <object>
    <name>pistol</name>
    <pose>Unspecified</pose>
    <truncated>0</truncated>
    <difficult>0</difficult>
    <bndbox>
      <xmin>8</xmin>
      <ymin>12</ymin>
      <xmax>583</xmax>
      <ymax>379</ymax>
    </bndbox>
  </object>
</annotation>
