<annotation>
  <folder>Definitiva</folder>
  <filename>armas (1075)</filename>
  <path>C:\Users\Rob\Desktop\Definitiva\armas (1075).jpg</path>
  <source>
    <database>Unknown</database>
  </source>
  <size>
    <width>773</width>
    <height>569</height>
    <depth>3</depth>
  </size>
  <segmented>0</segmented>
  <object>
    <name>pistol</name>
    <pose>Unspecified</pose>
    <truncated>0</truncated>
    <difficult>0</difficult>
    <bndbox>
      <xmin>46</xmin>
      <ymin>208</ymin>
      <xmax>741</xmax>
      <ymax>482</ymax>
    </bndbox>
  </object>
</annotation>
