<annotation>
  <folder>Definitiva</folder>
  <filename>armas (115)</filename>
  <path>C:\Users\Rob\Desktop\Definitiva\armas (115).jpg</path>
  <source>
    <database>Unknown</database>
  </source>
  <size>
    <width>680</width>
    <height>1024</height>
    <depth>3</depth>
  </size>
  <segmented>0</segmented>
  <object>
    <name>pistol</name>
    <pose>Unspecified</pose>
    <truncated>0</truncated>
    <difficult>0</difficult>
    <bndbox>
      <xmin>169</xmin>
      <ymin>393</ymin>
      <xmax>224</xmax>
      <ymax>529</ymax>
    </bndbox>
  </object>
</annotation>
