<annotation>
  <folder>Definitiva</folder>
  <filename>armas (1300)</filename>
  <path>C:\Users\Rob\Desktop\Definitiva\armas (1300).jpg</path>
  <source>
    <database>Unknown</database>
  </source>
  <size>
    <width>405</width>
    <height>302</height>
    <depth>3</depth>
  </size>
  <segmented>0</segmented>
  <object>
    <name>pistol</name>
    <pose>Unspecified</pose>
    <truncated>0</truncated>
    <difficult>0</difficult>
    <bndbox>
      <xmin>8</xmin>
      <ymin>2</ymin>
      <xmax>401</xmax>
      <ymax>296</ymax>
    </bndbox>
  </object>
</annotation>
