<annotation>
  <folder>Definitiva</folder>
  <filename>armas (1132)</filename>
  <path>C:\Users\Rob\Desktop\Definitiva\armas (1132).jpg</path>
  <source>
    <database>Unknown</database>
  </source>
  <size>
    <width>1300</width>
    <height>926</height>
    <depth>3</depth>
  </size>
  <segmented>0</segmented>
  <object>
    <name>pistol</name>
    <pose>Unspecified</pose>
    <truncated>0</truncated>
    <difficult>0</difficult>
    <bndbox>
      <xmin>176</xmin>
      <ymin>14</ymin>
      <xmax>854</xmax>
      <ymax>422</ymax>
    </bndbox>
  </object>
</annotation>
