<annotation>
  <folder>Definitiva</folder>
  <filename>armas (1038)</filename>
  <path>C:\Users\Rob\Desktop\Definitiva\armas (1038).jpg</path>
  <source>
    <database>Unknown</database>
  </source>
  <size>
    <width>275</width>
    <height>183</height>
    <depth>3</depth>
  </size>
  <segmented>0</segmented>
  <object>
    <name>pistol</name>
    <pose>Unspecified</pose>
    <truncated>0</truncated>
    <difficult>0</difficult>
    <bndbox>
      <xmin>36</xmin>
      <ymin>8</ymin>
      <xmax>210</xmax>
      <ymax>128</ymax>
    </bndbox>
  </object>
</annotation>
