<annotation>
  <folder>Definitiva</folder>
  <filename>armas (1093)</filename>
  <path>C:\Users\Rob\Desktop\Definitiva\armas (1093).jpg</path>
  <source>
    <database>Unknown</database>
  </source>
  <size>
    <width>800</width>
    <height>560</height>
    <depth>3</depth>
  </size>
  <segmented>0</segmented>
  <object>
    <name>pistol</name>
    <pose>Unspecified</pose>
    <truncated>0</truncated>
    <difficult>0</difficult>
    <bndbox>
      <xmin>35</xmin>
      <ymin>10</ymin>
      <xmax>780</xmax>
      <ymax>536</ymax>
    </bndbox>
  </object>
</annotation>
