<annotation>
  <folder>Definitiva</folder>
  <filename>armas (1056)</filename>
  <path>C:\Users\Rob\Desktop\Definitiva\armas (1056).jpg</path>
  <source>
    <database>Unknown</database>
  </source>
  <size>
    <width>1024</width>
    <height>683</height>
    <depth>3</depth>
  </size>
  <segmented>0</segmented>
  <object>
    <name>pistol</name>
    <pose>Unspecified</pose>
    <truncated>0</truncated>
    <difficult>0</difficult>
    <bndbox>
      <xmin>386</xmin>
      <ymin>197</ymin>
      <xmax>726</xmax>
      <ymax>414</ymax>
    </bndbox>
  </object>
</annotation>
