<annotation>
  <folder>Definitiva</folder>
  <filename>armas (1047)</filename>
  <path>C:\Users\Rob\Desktop\Definitiva\armas (1047).jpg</path>
  <source>
    <database>Unknown</database>
  </source>
  <size>
    <width>275</width>
    <height>183</height>
    <depth>3</depth>
  </size>
  <segmented>0</segmented>
  <object>
    <name>pistol</name>
    <pose>Unspecified</pose>
    <truncated>0</truncated>
    <difficult>0</difficult>
    <bndbox>
      <xmin>67</xmin>
      <ymin>12</ymin>
      <xmax>230</xmax>
      <ymax>88</ymax>
    </bndbox>
  </object>
</annotation>
