<annotation>
  <folder>Definitiva</folder>
  <filename>armas (1039)</filename>
  <path>C:\Users\Rob\Desktop\Definitiva\armas (1039).jpg</path>
  <source>
    <database>Unknown</database>
  </source>
  <size>
    <width>275</width>
    <height>183</height>
    <depth>3</depth>
  </size>
  <segmented>0</segmented>
  <object>
    <name>pistol</name>
    <pose>Unspecified</pose>
    <truncated>0</truncated>
    <difficult>0</difficult>
    <bndbox>
      <xmin>130</xmin>
      <ymin>3</ymin>
      <xmax>175</xmax>
      <ymax>73</ymax>
    </bndbox>
  </object>
  <object>
    <name>pistol</name>
    <pose>Unspecified</pose>
    <truncated>0</truncated>
    <difficult>0</difficult>
    <bndbox>
      <xmin>76</xmin>
      <ymin>40</ymin>
      <xmax>137</xmax>
      <ymax>126</ymax>
    </bndbox>
  </object>
</annotation>
