<annotation>
  <folder>Definitiva</folder>
  <filename>armas (1378)</filename>
  <path>C:\Users\Rob\Desktop\Definitiva\armas (1378).jpg</path>
  <source>
    <database>Unknown</database>
  </source>
  <size>
    <width>365</width>
    <height>500</height>
    <depth>3</depth>
  </size>
  <segmented>0</segmented>
  <object>
    <name>pistol</name>
    <pose>Unspecified</pose>
    <truncated>0</truncated>
    <difficult>0</difficult>
    <bndbox>
      <xmin>60</xmin>
      <ymin>394</ymin>
      <xmax>155</xmax>
      <ymax>461</ymax>
    </bndbox>
  </object>
  <object>
    <name>pistol</name>
    <pose>Unspecified</pose>
    <truncated>0</truncated>
    <difficult>0</difficult>
    <bndbox>
      <xmin>207</xmin>
      <ymin>386</ymin>
      <xmax>337</xmax>
      <ymax>476</ymax>
    </bndbox>
  </object>
  <object>
    <name>pistol</name>
    <pose>Unspecified</pose>
    <truncated>0</truncated>
    <difficult>0</difficult>
    <bndbox>
      <xmin>51</xmin>
      <ymin>281</ymin>
      <xmax>159</xmax>
      <ymax>365</ymax>
    </bndbox>
  </object>
  <object>
    <name>pistol</name>
    <pose>Unspecified</pose>
    <truncated>0</truncated>
    <difficult>0</difficult>
    <bndbox>
      <xmin>176</xmin>
      <ymin>275</ymin>
      <xmax>319</xmax>
      <ymax>365</ymax>
    </bndbox>
  </object>
  <object>
    <name>pistol</name>
    <pose>Unspecified</pose>
    <truncated>0</truncated>
    <difficult>0</difficult>
    <bndbox>
      <xmin>179</xmin>
      <ymin>178</ymin>
      <xmax>310</xmax>
      <ymax>263</ymax>
    </bndbox>
  </object>

</annotation>
