<annotation>
  <folder>Definitiva</folder>
  <filename>armas (1013)</filename>
  <path>C:\Users\Rob\Desktop\Definitiva\armas (1013).jpg</path>
  <source>
    <database>Unknown</database>
  </source>
  <size>
    <width>275</width>
    <height>184</height>
    <depth>1</depth>
  </size>
  <segmented>0</segmented>
  <object>
    <name>pistol</name>
    <pose>Unspecified</pose>
    <truncated>0</truncated>
    <difficult>0</difficult>
    <bndbox>
      <xmin>76</xmin>
      <ymin>47</ymin>
      <xmax>181</xmax>
      <ymax>103</ymax>
    </bndbox>
  </object>
</annotation>
