<annotation>
  <folder>Definitiva</folder>
  <filename>armas (108)</filename>
  <path>C:\Users\Rob\Desktop\Definitiva\armas (108).jpg</path>
  <source>
    <database>Unknown</database>
  </source>
  <size>
    <width>1500</width>
    <height>1120</height>
    <depth>3</depth>
  </size>
  <segmented>0</segmented>
  <object>
    <name>pistol</name>
    <pose>Unspecified</pose>
    <truncated>0</truncated>
    <difficult>0</difficult>
    <bndbox>
      <xmin>819</xmin>
      <ymin>167</ymin>
      <xmax>1033</xmax>
      <ymax>486</ymax>
    </bndbox>
  </object>
</annotation>
