<annotation>
  <folder>Definitiva</folder>
  <filename>armas (1041)</filename>
  <path>C:\Users\Rob\Desktop\Definitiva\armas (1041).jpg</path>
  <source>
    <database>Unknown</database>
  </source>
  <size>
    <width>275</width>
    <height>183</height>
    <depth>3</depth>
  </size>
  <segmented>0</segmented>
  <object>
    <name>pistol</name>
    <pose>Unspecified</pose>
    <truncated>0</truncated>
    <difficult>0</difficult>
    <bndbox>
      <xmin>101</xmin>
      <ymin>24</ymin>
      <xmax>238</xmax>
      <ymax>120</ymax>
    </bndbox>
  </object>
</annotation>
