<annotation>
  <folder>Definitiva</folder>
  <filename>armas (1223)</filename>
  <path>C:\Users\Rob\Desktop\Definitiva\armas (1223).jpg</path>
  <source>
    <database>Unknown</database>
  </source>
  <size>
    <width>200</width>
    <height>133</height>
    <depth>3</depth>
  </size>
  <segmented>0</segmented>
  <object>
    <name>pistol</name>
    <pose>Unspecified</pose>
    <truncated>0</truncated>
    <difficult>0</difficult>
    <bndbox>
      <xmin>69</xmin>
      <ymin>8</ymin>
      <xmax>191</xmax>
      <ymax>122</ymax>
    </bndbox>
  </object>
</annotation>
