<annotation>
  <folder>Definitiva</folder>
  <filename>armas (1069)</filename>
  <path>C:\Users\Rob\Desktop\Definitiva\armas (1069).jpg</path>
  <source>
    <database>Unknown</database>
  </source>
  <size>
    <width>2634</width>
    <height>2340</height>
    <depth>3</depth>
  </size>
  <segmented>0</segmented>
  <object>
    <name>pistol</name>
    <pose>Unspecified</pose>
    <truncated>0</truncated>
    <difficult>0</difficult>
    <bndbox>
      <xmin>1029</xmin>
      <ymin>132</ymin>
      <xmax>2517</xmax>
      <ymax>2078</ymax>
    </bndbox>
  </object>
  <object>
    <name>pistol</name>
    <pose>Unspecified</pose>
    <truncated>0</truncated>
    <difficult>0</difficult>
    <bndbox>
      <xmin>179</xmin>
      <ymin>545</ymin>
      <xmax>1521</xmax>
      <ymax>2211</ymax>
    </bndbox>
  </object>
</annotation>
