<annotation>
  <folder>Definitiva</folder>
  <filename>armas (1334)</filename>
  <path>C:\Users\Rob\Desktop\Definitiva\armas (1334).jpg</path>
  <source>
    <database>Unknown</database>
  </source>
  <size>
    <width>1001</width>
    <height>464</height>
    <depth>3</depth>
  </size>
  <segmented>0</segmented>
  <object>
    <name>pistol</name>
    <pose>Unspecified</pose>
    <truncated>0</truncated>
    <difficult>0</difficult>
    <bndbox>
      <xmin>1</xmin>
      <ymin>5</ymin>
      <xmax>1001</xmax>
      <ymax>463</ymax>
    </bndbox>
  </object>
</annotation>
