<annotation>
  <folder>Definitiva</folder>
  <filename>armas (1369)</filename>
  <path>C:\Users\Rob\Desktop\Definitiva\armas (1369).jpg</path>
  <source>
    <database>Unknown</database>
  </source>
  <size>
    <width>334</width>
    <height>500</height>
    <depth>3</depth>
  </size>
  <segmented>0</segmented>
  <object>
    <name>pistol</name>
    <pose>Unspecified</pose>
    <truncated>0</truncated>
    <difficult>0</difficult>
    <bndbox>
      <xmin>247</xmin>
      <ymin>122</ymin>
      <xmax>308</xmax>
      <ymax>163</ymax>
    </bndbox>
  </object>
</annotation>
