<annotation>
  <folder>Definitiva</folder>
  <filename>armas (1397)</filename>
  <path>C:\Users\Rob\Desktop\Definitiva\armas (1397).jpg</path>
  <source>
    <database>Unknown</database>
  </source>
  <size>
    <width>336</width>
    <height>495</height>
    <depth>3</depth>
  </size>
  <segmented>0</segmented>
  <object>
    <name>pistol</name>
    <pose>Unspecified</pose>
    <truncated>0</truncated>
    <difficult>0</difficult>
    <bndbox>
      <xmin>116</xmin>
      <ymin>137</ymin>
      <xmax>154</xmax>
      <ymax>181</ymax>
    </bndbox>
  </object>
</annotation>
