<annotation>
  <folder>Definitiva</folder>
  <filename>armas (10)</filename>
  <path>C:\Users\Rob\Desktop\Definitiva\armas (10).jpg</path>
  <source>
    <database>Unknown</database>
  </source>
  <size>
    <width>1300</width>
    <height>913</height>
    <depth>3</depth>
  </size>
  <segmented>0</segmented>
  <object>
    <name>pistol</name>
    <pose>Unspecified</pose>
    <truncated>0</truncated>
    <difficult>0</difficult>
    <bndbox>
      <xmin>409</xmin>
      <ymin>95</ymin>
      <xmax>697</xmax>
      <ymax>352</ymax>
    </bndbox>
  </object>
</annotation>
