<annotation>
  <folder>Definitiva</folder>
  <filename>armas (125)</filename>
  <path>C:\Users\Rob\Desktop\Definitiva\armas (125).jpg</path>
  <source>
    <database>Unknown</database>
  </source>
  <size>
    <width>1300</width>
    <height>911</height>
    <depth>3</depth>
  </size>
  <segmented>0</segmented>
  <object>
    <name>pistol</name>
    <pose>Unspecified</pose>
    <truncated>0</truncated>
    <difficult>0</difficult>
    <bndbox>
      <xmin>70</xmin>
      <ymin>121</ymin>
      <xmax>1238</xmax>
      <ymax>840</ymax>
    </bndbox>
  </object>
</annotation>
