<annotation>
  <folder>Definitiva</folder>
  <filename>armas (1179)</filename>
  <path>C:\Users\Rob\Desktop\Definitiva\armas (1179).jpg</path>
  <source>
    <database>Unknown</database>
  </source>
  <size>
    <width>640</width>
    <height>360</height>
    <depth>3</depth>
  </size>
  <segmented>0</segmented>
  <object>
    <name>pistol</name>
    <pose>Unspecified</pose>
    <truncated>0</truncated>
    <difficult>0</difficult>
    <bndbox>
      <xmin>88</xmin>
      <ymin>177</ymin>
      <xmax>104</xmax>
      <ymax>207</ymax>
    </bndbox>
  </object>
  <object>
    <name>pistol</name>
    <pose>Unspecified</pose>
    <truncated>0</truncated>
    <difficult>0</difficult>
    <bndbox>
      <xmin>291</xmin>
      <ymin>122</ymin>
      <xmax>333</xmax>
      <ymax>216</ymax>
    </bndbox>
  </object>
</annotation>
