<annotation>
  <folder>ya</folder>
  <filename>armas (1045)</filename>
  <path>C:/Users/Rob/Desktop/ya/armas (1045).jpg</path>
  <source>
    <database>Unknown</database>
  </source>
  <size>
    <width>276</width>
    <height>183</height>
    <depth>3</depth>
  </size>
  <segmented>0</segmented>
  <object>
    <name>pistol</name>
    <pose>Unspecified</pose>
    <truncated>0</truncated>
    <difficult>0</difficult>
    <bndbox>
      <xmin>70</xmin>
      <ymin>27</ymin>
      <xmax>209</xmax>
      <ymax>127</ymax>
    </bndbox>
  </object>
</annotation>
