<annotation>
  <folder>Definitiva</folder>
  <filename>armas (1440)</filename>
  <path>C:\Users\Rob\Desktop\Definitiva\armas (1440).jpg</path>
  <source>
    <database>Unknown</database>
  </source>
  <size>
    <width>500</width>
    <height>375</height>
    <depth>3</depth>
  </size>
  <segmented>0</segmented>
  <object>
    <name>pistol</name>
    <pose>Unspecified</pose>
    <truncated>0</truncated>
    <difficult>0</difficult>
    <bndbox>
      <xmin>169</xmin>
      <ymin>64</ymin>
      <xmax>235</xmax>
      <ymax>126</ymax>
    </bndbox>
  </object>
  <object>
    <name>pistol</name>
    <pose>Unspecified</pose>
    <truncated>0</truncated>
    <difficult>0</difficult>
    <bndbox>
      <xmin>257</xmin>
      <ymin>69</ymin>
      <xmax>319</xmax>
      <ymax>122</ymax>
    </bndbox>
  </object>
</annotation>
