<annotation>
  <folder>Definitiva</folder>
  <filename>armas (1335)</filename>
  <path>C:\Users\Rob\Desktop\Definitiva\armas (1335).jpg</path>
  <source>
    <database>Unknown</database>
  </source>
  <size>
    <width>536</width>
    <height>402</height>
    <depth>3</depth>
  </size>
  <segmented>0</segmented>
  <object>
    <name>pistol</name>
    <pose>Unspecified</pose>
    <truncated>0</truncated>
    <difficult>0</difficult>
    <bndbox>
      <xmin>184</xmin>
      <ymin>41</ymin>
      <xmax>483</xmax>
      <ymax>358</ymax>
    </bndbox>
  </object>
</annotation>
