<annotation>
  <folder>Definitiva</folder>
  <filename>armas (1133)</filename>
  <path>C:\Users\Rob\Desktop\Definitiva\armas (1133).jpg</path>
  <source>
    <database>Unknown</database>
  </source>
  <size>
    <width>660</width>
    <height>440</height>
    <depth>3</depth>
  </size>
  <segmented>0</segmented>
  <object>
    <name>pistol</name>
    <pose>Unspecified</pose>
    <truncated>0</truncated>
    <difficult>0</difficult>
    <bndbox>
      <xmin>262</xmin>
      <ymin>107</ymin>
      <xmax>323</xmax>
      <ymax>137</ymax>
    </bndbox>
  </object>
</annotation>
