<annotation>
  <folder>Definitiva</folder>
  <filename>armas (1048)</filename>
  <path>C:\Users\Rob\Desktop\Definitiva\armas (1048).jpg</path>
  <source>
    <database>Unknown</database>
  </source>
  <size>
    <width>275</width>
    <height>183</height>
    <depth>3</depth>
  </size>
  <segmented>0</segmented>
  <object>
    <name>pistol</name>
    <pose>Unspecified</pose>
    <truncated>0</truncated>
    <difficult>0</difficult>
    <bndbox>
      <xmin>4</xmin>
      <ymin>37</ymin>
      <xmax>125</xmax>
      <ymax>105</ymax>
    </bndbox>
  </object>
</annotation>
