<annotation>
  <folder>Definitiva</folder>
  <filename>armas (1399)</filename>
  <path>C:\Users\Rob\Desktop\Definitiva\armas (1399).jpg</path>
  <source>
    <database>Unknown</database>
  </source>
  <size>
    <width>500</width>
    <height>422</height>
    <depth>3</depth>
  </size>
  <segmented>0</segmented>
  <object>
    <name>pistol</name>
    <pose>Unspecified</pose>
    <truncated>0</truncated>
    <difficult>0</difficult>
    <bndbox>
      <xmin>17</xmin>
      <ymin>170</ymin>
      <xmax>318</xmax>
      <ymax>398</ymax>
    </bndbox>
  </object>
  <object>
    <name>pistol</name>
    <pose>Unspecified</pose>
    <truncated>0</truncated>
    <difficult>0</difficult>
    <bndbox>
      <xmin>138</xmin>
      <ymin>13</ymin>
      <xmax>483</xmax>
      <ymax>276</ymax>
    </bndbox>
  </object>
</annotation>
