<annotation>
  <folder>Definitiva</folder>
  <filename>armas (1197)</filename>
  <path>C:\Users\Rob\Desktop\Definitiva\armas (1197).jpg</path>
  <source>
    <database>Unknown</database>
  </source>
  <size>
    <width>500</width>
    <height>375</height>
    <depth>3</depth>
  </size>
  <segmented>0</segmented>
  <object>
    <name>pistol</name>
    <pose>Unspecified</pose>
    <truncated>0</truncated>
    <difficult>0</difficult>
    <bndbox>
      <xmin>13</xmin>
      <ymin>136</ymin>
      <xmax>359</xmax>
      <ymax>364</ymax>
    </bndbox>
  </object>
  <object>
    <name>pistol</name>
    <pose>Unspecified</pose>
    <truncated>0</truncated>
    <difficult>0</difficult>
    <bndbox>
      <xmin>78</xmin>
      <ymin>7</ymin>
      <xmax>492</xmax>
      <ymax>218</ymax>
    </bndbox>
  </object>
</annotation>
