<annotation>
  <folder>Definitiva</folder>
  <filename>armas (1333)</filename>
  <path>C:\Users\Rob\Desktop\Definitiva\armas (1333).jpg</path>
  <source>
    <database>Unknown</database>
  </source>
  <size>
    <width>1024</width>
    <height>768</height>
    <depth>3</depth>
  </size>
  <segmented>0</segmented>
  <object>
    <name>pistol</name>
    <pose>Unspecified</pose>
    <truncated>0</truncated>
    <difficult>0</difficult>
    <bndbox>
      <xmin>1</xmin>
      <ymin>108</ymin>
      <xmax>992</xmax>
      <ymax>552</ymax>
    </bndbox>
  </object>
</annotation>
