<annotation>
  <folder>Definitiva</folder>
  <filename>armas (1284)</filename>
  <path>C:\Users\Rob\Desktop\Definitiva\armas (1284).jpg</path>
  <source>
    <database>Unknown</database>
  </source>
  <size>
    <width>500</width>
    <height>352</height>
    <depth>1</depth>
  </size>
  <segmented>0</segmented>
  <object>
    <name>pistol</name>
    <pose>Unspecified</pose>
    <truncated>0</truncated>
    <difficult>0</difficult>
    <bndbox>
      <xmin>27</xmin>
      <ymin>20</ymin>
      <xmax>473</xmax>
      <ymax>352</ymax>
    </bndbox>
  </object>
</annotation>
