<annotation>
  <folder>Definitiva</folder>
  <filename>armas (111)</filename>
  <path>C:\Users\Rob\Desktop\Definitiva\armas (111).jpg</path>
  <source>
    <database>Unknown</database>
  </source>
  <size>
    <width>450</width>
    <height>253</height>
    <depth>1</depth>
  </size>
  <segmented>0</segmented>
  <object>
    <name>pistol</name>
    <pose>Unspecified</pose>
    <truncated>0</truncated>
    <difficult>0</difficult>
    <bndbox>
      <xmin>130</xmin>
      <ymin>38</ymin>
      <xmax>369</xmax>
      <ymax>238</ymax>
    </bndbox>
  </object>
</annotation>
