<annotation>
  <folder>Definitiva</folder>
  <filename>armas (1340)</filename>
  <path>C:\Users\Rob\Desktop\Definitiva\armas (1340).jpg</path>
  <source>
    <database>Unknown</database>
  </source>
  <size>
    <width>800</width>
    <height>717</height>
    <depth>3</depth>
  </size>
  <segmented>0</segmented>
  <object>
    <name>pistol</name>
    <pose>Unspecified</pose>
    <truncated>0</truncated>
    <difficult>0</difficult>
    <bndbox>
      <xmin>22</xmin>
      <ymin>20</ymin>
      <xmax>403</xmax>
      <ymax>490</ymax>
    </bndbox>
  </object>
  <object>
    <name>pistol</name>
    <pose>Unspecified</pose>
    <truncated>0</truncated>
    <difficult>0</difficult>
    <bndbox>
      <xmin>445</xmin>
      <ymin>24</ymin>
      <xmax>777</xmax>
      <ymax>516</ymax>
    </bndbox>
  </object>
</annotation>
