<annotation>
  <folder>Definitiva</folder>
  <filename>armas (1430)</filename>
  <path>C:\Users\Rob\Desktop\Definitiva\armas (1430).jpg</path>
  <source>
    <database>Unknown</database>
  </source>
  <size>
    <width>357</width>
    <height>500</height>
    <depth>3</depth>
  </size>
  <segmented>0</segmented>
  <object>
    <name>pistol</name>
    <pose>Unspecified</pose>
    <truncated>0</truncated>
    <difficult>0</difficult>
    <bndbox>
      <xmin>41</xmin>
      <ymin>161</ymin>
      <xmax>356</xmax>
      <ymax>434</ymax>
    </bndbox>
  </object>
</annotation>
