<annotation>
  <folder>Definitiva</folder>
  <filename>armas (101)</filename>
  <path>C:\Users\Rob\Desktop\Definitiva\armas (101).jpg</path>
  <source>
    <database>Unknown</database>
  </source>
  <size>
    <width>1000</width>
    <height>1620</height>
    <depth>3</depth>
  </size>
  <segmented>0</segmented>
  <object>
    <name>pistol</name>
    <pose>Unspecified</pose>
    <truncated>0</truncated>
    <difficult>0</difficult>
    <bndbox>
      <xmin>141</xmin>
      <ymin>195</ymin>
      <xmax>341</xmax>
      <ymax>447</ymax>
    </bndbox>
  </object>
</annotation>
