<annotation>
  <folder>Definitiva</folder>
  <filename>armas (1)</filename>
  <path>C:\Users\Rob\Desktop\Definitiva\armas (1).jpg</path>
  <source>
    <database>Unknown</database>
  </source>
  <size>
    <width>240</width>
    <height>145</height>
    <depth>3</depth>
  </size>
  <segmented>0</segmented>
  <object>
    <name>pistol</name>
    <pose>Unspecified</pose>
    <truncated>0</truncated>
    <difficult>0</difficult>
    <bndbox>
      <xmin>3</xmin>
      <ymin>1</ymin>
      <xmax>128</xmax>
      <ymax>100</ymax>
    </bndbox>
  </object>
  <object>
    <name>pistol</name>
    <pose>Unspecified</pose>
    <truncated>0</truncated>
    <difficult>0</difficult>
    <bndbox>
      <xmin>123</xmin>
      <ymin>47</ymin>
      <xmax>238</xmax>
      <ymax>145</ymax>
    </bndbox>
  </object>
</annotation>
