<annotation>
  <folder>Definitiva</folder>
  <filename>armas (1172)</filename>
  <path>C:\Users\Rob\Desktop\Definitiva\armas (1172).jpg</path>
  <source>
    <database>Unknown</database>
  </source>
  <size>
    <width>995</width>
    <height>690</height>
    <depth>3</depth>
  </size>
  <segmented>0</segmented>
  <object>
    <name>pistol</name>
    <pose>Unspecified</pose>
    <truncated>0</truncated>
    <difficult>0</difficult>
    <bndbox>
      <xmin>55</xmin>
      <ymin>65</ymin>
      <xmax>865</xmax>
      <ymax>415</ymax>
    </bndbox>
  </object>
</annotation>
