<annotation>
  <folder>Definitiva</folder>
  <filename>armas (1127)</filename>
  <path>C:\Users\Rob\Desktop\Definitiva\armas (1127).jpg</path>
  <source>
    <database>Unknown</database>
  </source>
  <size>
    <width>300</width>
    <height>470</height>
    <depth>3</depth>
  </size>
  <segmented>0</segmented>
  <object>
    <name>pistol</name>
    <pose>Unspecified</pose>
    <truncated>0</truncated>
    <difficult>0</difficult>
    <bndbox>
      <xmin>70</xmin>
      <ymin>154</ymin>
      <xmax>110</xmax>
      <ymax>182</ymax>
    </bndbox>
  </object>
</annotation>
