<annotation>
  <folder>Definitiva</folder>
  <filename>armas (1079)</filename>
  <path>C:\Users\Rob\Desktop\Definitiva\armas (1079).jpg</path>
  <source>
    <database>Unknown</database>
  </source>
  <size>
    <width>615</width>
    <height>346</height>
    <depth>3</depth>
  </size>
  <segmented>0</segmented>
  <object>
    <name>pistol</name>
    <pose>Unspecified</pose>
    <truncated>0</truncated>
    <difficult>0</difficult>
    <bndbox>
      <xmin>195</xmin>
      <ymin>143</ymin>
      <xmax>255</xmax>
      <ymax>173</ymax>
    </bndbox>
  </object>
</annotation>
