<annotation>
  <folder>Definitiva</folder>
  <filename>armas (1052)</filename>
  <path>C:\Users\Rob\Desktop\Definitiva\armas (1052).jpg</path>
  <source>
    <database>Unknown</database>
  </source>
  <size>
    <width>4272</width>
    <height>2848</height>
    <depth>3</depth>
  </size>
  <segmented>0</segmented>
  <object>
    <name>pistol</name>
    <pose>Unspecified</pose>
    <truncated>0</truncated>
    <difficult>0</difficult>
    <bndbox>
      <xmin>1302</xmin>
      <ymin>750</ymin>
      <xmax>3296</xmax>
      <ymax>2090</ymax>
    </bndbox>
  </object>
</annotation>
