<annotation>
  <folder>Definitiva</folder>
  <filename>armas (1098)</filename>
  <path>C:\Users\Rob\Desktop\Definitiva\armas (1098).jpg</path>
  <source>
    <database>Unknown</database>
  </source>
  <size>
    <width>1033</width>
    <height>775</height>
    <depth>3</depth>
  </size>
  <segmented>0</segmented>
  <object>
    <name>pistol</name>
    <pose>Unspecified</pose>
    <truncated>0</truncated>
    <difficult>0</difficult>
    <bndbox>
      <xmin>626</xmin>
      <ymin>197</ymin>
      <xmax>710</xmax>
      <ymax>243</ymax>
    </bndbox>
  </object>
</annotation>
