<annotation>
  <folder>Definitiva</folder>
  <filename>armas (1306)</filename>
  <path>C:\Users\Rob\Desktop\Definitiva\armas (1306).jpg</path>
  <source>
    <database>Unknown</database>
  </source>
  <size>
    <width>500</width>
    <height>347</height>
    <depth>3</depth>
  </size>
  <segmented>0</segmented>
  <object>
    <name>pistol</name>
    <pose>Unspecified</pose>
    <truncated>0</truncated>
    <difficult>0</difficult>
    <bndbox>
      <xmin>8</xmin>
      <ymin>11</ymin>
      <xmax>496</xmax>
      <ymax>336</ymax>
    </bndbox>
  </object>
</annotation>
