<annotation>
  <folder>Definitiva</folder>
  <filename>armas (1207)</filename>
  <path>C:\Users\Rob\Desktop\Definitiva\armas (1207).jpg</path>
  <source>
    <database>Unknown</database>
  </source>
  <size>
    <width>590</width>
    <height>376</height>
    <depth>3</depth>
  </size>
  <segmented>0</segmented>
  <object>
    <name>pistol</name>
    <pose>Unspecified</pose>
    <truncated>0</truncated>
    <difficult>0</difficult>
    <bndbox>
      <xmin>20</xmin>
      <ymin>16</ymin>
      <xmax>274</xmax>
      <ymax>349</ymax>
    </bndbox>
  </object>
  <object>
    <name>pistol</name>
    <pose>Unspecified</pose>
    <truncated>0</truncated>
    <difficult>0</difficult>
    <bndbox>
      <xmin>309</xmin>
      <ymin>18</ymin>
      <xmax>558</xmax>
      <ymax>351</ymax>
    </bndbox>
  </object>
</annotation>
