<annotation>
  <folder>Definitiva</folder>
  <filename>armas (1268)</filename>
  <path>C:\Users\Rob\Desktop\Definitiva\armas (1268).jpg</path>
  <source>
    <database>Unknown</database>
  </source>
  <size>
    <width>500</width>
    <height>339</height>
    <depth>3</depth>
  </size>
  <segmented>0</segmented>
  <object>
    <name>pistol</name>
    <pose>Unspecified</pose>
    <truncated>0</truncated>
    <difficult>0</difficult>
    <bndbox>
      <xmin>91</xmin>
      <ymin>27</ymin>
      <xmax>202</xmax>
      <ymax>289</ymax>
    </bndbox>
  </object>
  <object>
    <name>pistol</name>
    <pose>Unspecified</pose>
    <truncated>0</truncated>
    <difficult>0</difficult>
    <bndbox>
      <xmin>308</xmin>
      <ymin>120</ymin>
      <xmax>386</xmax>
      <ymax>257</ymax>
    </bndbox>
  </object>
</annotation>
