<annotation>
  <folder>Definitiva</folder>
  <filename>armas (1131)</filename>
  <path>C:\Users\Rob\Desktop\Definitiva\armas (1131).jpg</path>
  <source>
    <database>Unknown</database>
  </source>
  <size>
    <width>1000</width>
    <height>685</height>
    <depth>3</depth>
  </size>
  <segmented>0</segmented>
  <object>
    <name>pistol</name>
    <pose>Unspecified</pose>
    <truncated>0</truncated>
    <difficult>0</difficult>
    <bndbox>
      <xmin>104</xmin>
      <ymin>26</ymin>
      <xmax>567</xmax>
      <ymax>685</ymax>
    </bndbox>
  </object>
</annotation>
