<annotation>
  <folder>Definitiva</folder>
  <filename>armas (1160)</filename>
  <path>C:\Users\Rob\Desktop\Definitiva\armas (1160).jpg</path>
  <source>
    <database>Unknown</database>
  </source>
  <size>
    <width>450</width>
    <height>308</height>
    <depth>3</depth>
  </size>
  <segmented>0</segmented>
  <object>
    <name>pistol</name>
    <pose>Unspecified</pose>
    <truncated>0</truncated>
    <difficult>0</difficult>
    <bndbox>
      <xmin>1</xmin>
      <ymin>79</ymin>
      <xmax>139</xmax>
      <ymax>135</ymax>
    </bndbox>
  </object>
  <object>
    <name>pistol</name>
    <pose>Unspecified</pose>
    <truncated>0</truncated>
    <difficult>0</difficult>
    <bndbox>
      <xmin>285</xmin>
      <ymin>1</ymin>
      <xmax>437</xmax>
      <ymax>66</ymax>
    </bndbox>
  </object>
</annotation>
