<annotation>
  <folder>Definitiva</folder>
  <filename>armas (1109)</filename>
  <path>C:\Users\Rob\Desktop\Definitiva\armas (1109).jpg</path>
  <source>
    <database>Unknown</database>
  </source>
  <size>
    <width>700</width>
    <height>394</height>
    <depth>3</depth>
  </size>
  <segmented>0</segmented>
  <object>
    <name>pistol</name>
    <pose>Unspecified</pose>
    <truncated>0</truncated>
    <difficult>0</difficult>
    <bndbox>
      <xmin>188</xmin>
      <ymin>112</ymin>
      <xmax>278</xmax>
      <ymax>300</ymax>
    </bndbox>
  </object>
</annotation>
