<annotation>
  <folder>Definitiva</folder>
  <filename>armas (1310)</filename>
  <path>C:\Users\Rob\Desktop\Definitiva\armas (1310).jpg</path>
  <source>
    <database>Unknown</database>
  </source>
  <size>
    <width>1024</width>
    <height>682</height>
    <depth>3</depth>
  </size>
  <segmented>0</segmented>
  <object>
    <name>pistol</name>
    <pose>Unspecified</pose>
    <truncated>0</truncated>
    <difficult>0</difficult>
    <bndbox>
      <xmin>81</xmin>
      <ymin>74</ymin>
      <xmax>972</xmax>
      <ymax>549</ymax>
    </bndbox>
  </object>
</annotation>
