<annotation>
  <folder>Definitiva</folder>
  <filename>armas (1421)</filename>
  <path>C:\Users\Rob\Desktop\Definitiva\armas (1421).jpg</path>
  <source>
    <database>Unknown</database>
  </source>
  <size>
    <width>500</width>
    <height>334</height>
    <depth>3</depth>
  </size>
  <segmented>0</segmented>
  <object>
    <name>pistol</name>
    <pose>Unspecified</pose>
    <truncated>0</truncated>
    <difficult>0</difficult>
    <bndbox>
      <xmin>22</xmin>
      <ymin>153</ymin>
      <xmax>233</xmax>
      <ymax>246</ymax>
    </bndbox>
  </object>
  <object>
    <name>pistol</name>
    <pose>Unspecified</pose>
    <truncated>0</truncated>
    <difficult>0</difficult>
    <bndbox>
      <xmin>265</xmin>
      <ymin>136</ymin>
      <xmax>478</xmax>
      <ymax>247</ymax>
    </bndbox>
  </object>
</annotation>
