<annotation>
  <folder>Definitiva</folder>
  <filename>armas (1060)</filename>
  <path>C:\Users\Rob\Desktop\Definitiva\armas (1060).jpg</path>
  <source>
    <database>Unknown</database>
  </source>
  <size>
    <width>400</width>
    <height>268</height>
    <depth>3</depth>
  </size>
  <segmented>0</segmented>
  <object>
    <name>pistol</name>
    <pose>Unspecified</pose>
    <truncated>0</truncated>
    <difficult>0</difficult>
    <bndbox>
      <xmin>73</xmin>
      <ymin>59</ymin>
      <xmax>280</xmax>
      <ymax>204</ymax>
    </bndbox>
  </object>
</annotation>
