<annotation>
  <folder>Definitiva</folder>
  <filename>armas (1036)</filename>
  <path>C:\Users\Rob\Desktop\Definitiva\armas (1036).jpg</path>
  <source>
    <database>Unknown</database>
  </source>
  <size>
    <width>251</width>
    <height>201</height>
    <depth>3</depth>
  </size>
  <segmented>0</segmented>
  <object>
    <name>pistol</name>
    <pose>Unspecified</pose>
    <truncated>0</truncated>
    <difficult>0</difficult>
    <bndbox>
      <xmin>162</xmin>
      <ymin>34</ymin>
      <xmax>207</xmax>
      <ymax>115</ymax>
    </bndbox>
  </object>
</annotation>
