<annotation>
  <folder>Definitiva</folder>
  <filename>armas (1203)</filename>
  <path>C:\Users\Rob\Desktop\Definitiva\armas (1203).jpg</path>
  <source>
    <database>Unknown</database>
  </source>
  <size>
    <width>680</width>
    <height>459</height>
    <depth>3</depth>
  </size>
  <segmented>0</segmented>
  <object>
    <name>pistol</name>
    <pose>Unspecified</pose>
    <truncated>0</truncated>
    <difficult>0</difficult>
    <bndbox>
      <xmin>197</xmin>
      <ymin>239</ymin>
      <xmax>282</xmax>
      <ymax>415</ymax>
    </bndbox>
  </object>
  <object>
    <name>pistol</name>
    <pose>Unspecified</pose>
    <truncated>0</truncated>
    <difficult>0</difficult>
    <bndbox>
      <xmin>289</xmin>
      <ymin>217</ymin>
      <xmax>406</xmax>
      <ymax>432</ymax>
    </bndbox>
  </object>
  <object>
    <name>pistol</name>
    <pose>Unspecified</pose>
    <truncated>0</truncated>
    <difficult>0</difficult>
    <bndbox>
      <xmin>427</xmin>
      <ymin>184</ymin>
      <xmax>527</xmax>
      <ymax>405</ymax>
    </bndbox>
  </object>
  <object>
    <name>pistol</name>
    <pose>Unspecified</pose>
    <truncated>0</truncated>
    <difficult>0</difficult>
    <bndbox>
      <xmin>197</xmin>
      <ymin>57</ymin>
      <xmax>359</xmax>
      <ymax>188</ymax>
    </bndbox>
  </object>
  <object>
    <name>pistol</name>
    <pose>Unspecified</pose>
    <truncated>0</truncated>
    <difficult>0</difficult>
    <bndbox>
      <xmin>319</xmin>
      <ymin>51</ymin>
      <xmax>525</xmax>
      <ymax>231</ymax>
    </bndbox>
  </object>
</annotation>
