<annotation>
  <folder>Definitiva</folder>
  <filename>armas (1337)</filename>
  <path>C:\Users\Rob\Desktop\Definitiva\armas (1337).jpg</path>
  <source>
    <database>Unknown</database>
  </source>
  <size>
    <width>1024</width>
    <height>683</height>
    <depth>3</depth>
  </size>
  <segmented>0</segmented>
  <object>
    <name>pistol</name>
    <pose>Unspecified</pose>
    <truncated>0</truncated>
    <difficult>0</difficult>
    <bndbox>
      <xmin>179</xmin>
      <ymin>134</ymin>
      <xmax>867</xmax>
      <ymax>543</ymax>
    </bndbox>
  </object>
</annotation>
