<annotation>
  <folder>Definitiva</folder>
  <filename>armas (1120)</filename>
  <path>C:\Users\Rob\Desktop\Definitiva\armas (1120).jpg</path>
  <source>
    <database>Unknown</database>
  </source>
  <size>
    <width>866</width>
    <height>1390</height>
    <depth>3</depth>
  </size>
  <segmented>0</segmented>
  <object>
    <name>pistol</name>
    <pose>Unspecified</pose>
    <truncated>0</truncated>
    <difficult>0</difficult>
    <bndbox>
      <xmin>109</xmin>
      <ymin>495</ymin>
      <xmax>326</xmax>
      <ymax>622</ymax>
    </bndbox>
  </object>
</annotation>
