<annotation>
  <folder>Definitiva</folder>
  <filename>armas (1081)</filename>
  <path>C:\Users\Rob\Desktop\Definitiva\armas (1081).jpg</path>
  <source>
    <database>Unknown</database>
  </source>
  <size>
    <width>299</width>
    <height>470</height>
    <depth>3</depth>
  </size>
  <segmented>0</segmented>
  <object>
    <name>pistol</name>
    <pose>Unspecified</pose>
    <truncated>0</truncated>
    <difficult>0</difficult>
    <bndbox>
      <xmin>113</xmin>
      <ymin>105</ymin>
      <xmax>148</xmax>
      <ymax>132</ymax>
    </bndbox>
  </object>
  <object>
    <name>pistol</name>
    <pose>Unspecified</pose>
    <truncated>0</truncated>
    <difficult>0</difficult>
    <bndbox>
      <xmin>155</xmin>
      <ymin>102</ymin>
      <xmax>200</xmax>
      <ymax>146</ymax>
    </bndbox>
  </object>
</annotation>
