<annotation>
  <folder>Definitiva</folder>
  <filename>armas (136)</filename>
  <path>C:\Users\Rob\Desktop\Definitiva\armas (136).jpg</path>
  <source>
    <database>Unknown</database>
  </source>
  <size>
    <width>450</width>
    <height>300</height>
    <depth>3</depth>
  </size>
  <segmented>0</segmented>
  <object>
    <name>pistol</name>
    <pose>Unspecified</pose>
    <truncated>0</truncated>
    <difficult>0</difficult>
    <bndbox>
      <xmin>47</xmin>
      <ymin>30</ymin>
      <xmax>348</xmax>
      <ymax>196</ymax>
    </bndbox>
  </object>
</annotation>
