<annotation>
  <folder>Definitiva</folder>
  <filename>armas (1135)</filename>
  <path>C:\Users\Rob\Desktop\Definitiva\armas (1135).jpg</path>
  <source>
    <database>Unknown</database>
  </source>
  <size>
    <width>670</width>
    <height>409</height>
    <depth>3</depth>
  </size>
  <segmented>0</segmented>
  <object>
    <name>pistol</name>
    <pose>Unspecified</pose>
    <truncated>0</truncated>
    <difficult>0</difficult>
    <bndbox>
      <xmin>229</xmin>
      <ymin>246</ymin>
      <xmax>651</xmax>
      <ymax>397</ymax>
    </bndbox>
  </object>
</annotation>
