<annotation>
  <folder>Definitiva</folder>
  <filename>armas (1408)</filename>
  <path>C:\Users\Rob\Desktop\Definitiva\armas (1408).jpg</path>
  <source>
    <database>Unknown</database>
  </source>
  <size>
    <width>500</width>
    <height>375</height>
    <depth>3</depth>
  </size>
  <segmented>0</segmented>
  <object>
    <name>pistol</name>
    <pose>Unspecified</pose>
    <truncated>0</truncated>
    <difficult>0</difficult>
    <bndbox>
      <xmin>65</xmin>
      <ymin>210</ymin>
      <xmax>179</xmax>
      <ymax>333</ymax>
    </bndbox>
  </object>
  <object>
    <name>pistol</name>
    <pose>Unspecified</pose>
    <truncated>0</truncated>
    <difficult>0</difficult>
    <bndbox>
      <xmin>192</xmin>
      <ymin>246</ymin>
      <xmax>321</xmax>
      <ymax>365</ymax>
    </bndbox>
  </object>
</annotation>
