<annotation>
  <folder>Definitiva</folder>
  <filename>armas (1221)</filename>
  <path>C:\Users\Rob\Desktop\Definitiva\armas (1221).jpg</path>
  <source>
    <database>Unknown</database>
  </source>
  <size>
    <width>290</width>
    <height>495</height>
    <depth>3</depth>
  </size>
  <segmented>0</segmented>
  <object>
    <name>pistol</name>
    <pose>Unspecified</pose>
    <truncated>0</truncated>
    <difficult>0</difficult>
    <bndbox>
      <xmin>15</xmin>
      <ymin>91</ymin>
      <xmax>81</xmax>
      <ymax>123</ymax>
    </bndbox>
  </object>
</annotation>
