<annotation>
  <folder>Definitiva</folder>
  <filename>armas (141)</filename>
  <path>C:\Users\Rob\Desktop\Definitiva\armas (141).jpg</path>
  <source>
    <database>Unknown</database>
  </source>
  <size>
    <width>450</width>
    <height>298</height>
    <depth>3</depth>
  </size>
  <segmented>0</segmented>
  <object>
    <name>pistol</name>
    <pose>Unspecified</pose>
    <truncated>0</truncated>
    <difficult>0</difficult>
    <bndbox>
      <xmin>182</xmin>
      <ymin>130</ymin>
      <xmax>263</xmax>
      <ymax>191</ymax>
    </bndbox>
  </object>
</annotation>
