<annotation>
  <folder>Definitiva</folder>
  <filename>armas (1143)</filename>
  <path>C:\Users\Rob\Desktop\Definitiva\armas (1143).jpg</path>
  <source>
    <database>Unknown</database>
  </source>
  <size>
    <width>812</width>
    <height>541</height>
    <depth>3</depth>
  </size>
  <segmented>0</segmented>
  <object>
    <name>pistol</name>
    <pose>Unspecified</pose>
    <truncated>0</truncated>
    <difficult>0</difficult>
    <bndbox>
      <xmin>456</xmin>
      <ymin>132</ymin>
      <xmax>546</xmax>
      <ymax>216</ymax>
    </bndbox>
  </object>
</annotation>
