<annotation>
  <folder>Definitiva</folder>
  <filename>armas (1016)</filename>
  <path>C:\Users\Rob\Desktop\Definitiva\armas (1016).jpg</path>
  <source>
    <database>Unknown</database>
  </source>
  <size>
    <width>183</width>
    <height>275</height>
    <depth>3</depth>
  </size>
  <segmented>0</segmented>
  <object>
    <name>pistol</name>
    <pose>Unspecified</pose>
    <truncated>0</truncated>
    <difficult>0</difficult>
    <bndbox>
      <xmin>56</xmin>
      <ymin>8</ymin>
      <xmax>104</xmax>
      <ymax>44</ymax>
    </bndbox>
  </object>
  <object>
    <name>pistol</name>
    <pose>Unspecified</pose>
    <truncated>0</truncated>
    <difficult>0</difficult>
    <bndbox>
      <xmin>54</xmin>
      <ymin>87</ymin>
      <xmax>86</xmax>
      <ymax>138</ymax>
    </bndbox>
  </object>
</annotation>
