<annotation>
  <folder>Definitiva</folder>
  <filename>armas (1324)</filename>
  <path>C:\Users\Rob\Desktop\Definitiva\armas (1324).jpg</path>
  <source>
    <database>Unknown</database>
  </source>
  <size>
    <width>576</width>
    <height>498</height>
    <depth>1</depth>
  </size>
  <segmented>0</segmented>
  <object>
    <name>pistol</name>
    <pose>Unspecified</pose>
    <truncated>0</truncated>
    <difficult>0</difficult>
    <bndbox>
      <xmin>30</xmin>
      <ymin>28</ymin>
      <xmax>544</xmax>
      <ymax>447</ymax>
    </bndbox>
  </object>
</annotation>
