<annotation>
  <folder>Definitiva</folder>
  <filename>armas (1184)</filename>
  <path>C:\Users\Rob\Desktop\Definitiva\armas (1184).jpg</path>
  <source>
    <database>Unknown</database>
  </source>
  <size>
    <width>705</width>
    <height>705</height>
    <depth>3</depth>
  </size>
  <segmented>0</segmented>
  <object>
    <name>pistol</name>
    <pose>Unspecified</pose>
    <truncated>0</truncated>
    <difficult>0</difficult>
    <bndbox>
      <xmin>554</xmin>
      <ymin>299</ymin>
      <xmax>671</xmax>
      <ymax>361</ymax>
    </bndbox>
  </object>
</annotation>
