<annotation>
  <folder>Definitiva</folder>
  <filename>armas (1296)</filename>
  <path>C:\Users\Rob\Desktop\Definitiva\armas (1296).jpg</path>
  <source>
    <database>Unknown</database>
  </source>
  <size>
    <width>500</width>
    <height>586</height>
    <depth>3</depth>
  </size>
  <segmented>0</segmented>
  <object>
    <name>pistol</name>
    <pose>Unspecified</pose>
    <truncated>0</truncated>
    <difficult>0</difficult>
    <bndbox>
      <xmin>82</xmin>
      <ymin>250</ymin>
      <xmax>370</xmax>
      <ymax>516</ymax>
    </bndbox>
  </object>
</annotation>
