<annotation>
  <folder>Definitiva</folder>
  <filename>armas (1341)</filename>
  <path>C:\Users\Rob\Desktop\Definitiva\armas (1341).jpg</path>
  <source>
    <database>Unknown</database>
  </source>
  <size>
    <width>800</width>
    <height>575</height>
    <depth>3</depth>
  </size>
  <segmented>0</segmented>
  <object>
    <name>pistol</name>
    <pose>Unspecified</pose>
    <truncated>0</truncated>
    <difficult>0</difficult>
    <bndbox>
      <xmin>392</xmin>
      <ymin>90</ymin>
      <xmax>774</xmax>
      <ymax>347</ymax>
    </bndbox>
  </object>
  <object>
    <name>pistol</name>
    <pose>Unspecified</pose>
    <truncated>0</truncated>
    <difficult>0</difficult>
    <bndbox>
      <xmin>188</xmin>
      <ymin>273</ymin>
      <xmax>569</xmax>
      <ymax>527</ymax>
    </bndbox>
  </object>
</annotation>
