<annotation>
  <folder>Definitiva</folder>
  <filename>armas (1279)</filename>
  <path>C:\Users\Rob\Desktop\Definitiva\armas (1279).jpg</path>
  <source>
    <database>Unknown</database>
  </source>
  <size>
    <width>334</width>
    <height>500</height>
    <depth>3</depth>
  </size>
  <segmented>0</segmented>
  <object>
    <name>pistol</name>
    <pose>Unspecified</pose>
    <truncated>0</truncated>
    <difficult>0</difficult>
    <bndbox>
      <xmin>58</xmin>
      <ymin>14</ymin>
      <xmax>272</xmax>
      <ymax>472</ymax>
    </bndbox>
  </object>
</annotation>
