<annotation>
  <folder>Definitiva</folder>
  <filename>armas (1175)</filename>
  <path>C:\Users\Rob\Desktop\Definitiva\armas (1175).jpg</path>
  <source>
    <database>Unknown</database>
  </source>
  <size>
    <width>1280</width>
    <height>1007</height>
    <depth>1</depth>
  </size>
  <segmented>0</segmented>
  <object>
    <name>pistol</name>
    <pose>Unspecified</pose>
    <truncated>0</truncated>
    <difficult>0</difficult>
    <bndbox>
      <xmin>83</xmin>
      <ymin>77</ymin>
      <xmax>1239</xmax>
      <ymax>945</ymax>
    </bndbox>
  </object>
</annotation>
