<annotation>
  <folder>Definitiva</folder>
  <filename>armas (1096)</filename>
  <path>C:\Users\Rob\Desktop\Definitiva\armas (1096).jpg</path>
  <source>
    <database>Unknown</database>
  </source>
  <size>
    <width>1650</width>
    <height>1100</height>
    <depth>3</depth>
  </size>
  <segmented>0</segmented>
  <object>
    <name>pistol</name>
    <pose>Unspecified</pose>
    <truncated>0</truncated>
    <difficult>0</difficult>
    <bndbox>
      <xmin>317</xmin>
      <ymin>198</ymin>
      <xmax>1396</xmax>
      <ymax>952</ymax>
    </bndbox>
  </object>
</annotation>
