<annotation>
  <folder>Definitiva</folder>
  <filename>armas (1055)</filename>
  <path>C:\Users\Rob\Desktop\Definitiva\armas (1055).jpg</path>
  <source>
    <database>Unknown</database>
  </source>
  <size>
    <width>800</width>
    <height>488</height>
    <depth>3</depth>
  </size>
  <segmented>0</segmented>
  <object>
    <name>pistol</name>
    <pose>Unspecified</pose>
    <truncated>0</truncated>
    <difficult>0</difficult>
    <bndbox>
      <xmin>1</xmin>
      <ymin>82</ymin>
      <xmax>800</xmax>
      <ymax>488</ymax>
    </bndbox>
  </object>
</annotation>
