<annotation>
  <folder>Definitiva</folder>
  <filename>armas (1339)</filename>
  <path>C:\Users\Rob\Desktop\Definitiva\armas (1339).jpg</path>
  <source>
    <database>Unknown</database>
  </source>
  <size>
    <width>450</width>
    <height>389</height>
    <depth>3</depth>
  </size>
  <segmented>0</segmented>
  <object>
    <name>pistol</name>
    <pose>Unspecified</pose>
    <truncated>0</truncated>
    <difficult>0</difficult>
    <bndbox>
      <xmin>6</xmin>
      <ymin>13</ymin>
      <xmax>438</xmax>
      <ymax>248</ymax>
    </bndbox>
  </object>
</annotation>
