<annotation>
  <folder>Definitiva</folder>
  <filename>armas (1330)</filename>
  <path>C:\Users\Rob\Desktop\Definitiva\armas (1330).jpg</path>
  <source>
    <database>Unknown</database>
  </source>
  <size>
    <width>570</width>
    <height>415</height>
    <depth>3</depth>
  </size>
  <segmented>0</segmented>
  <object>
    <name>pistol</name>
    <pose>Unspecified</pose>
    <truncated>0</truncated>
    <difficult>0</difficult>
    <bndbox>
      <xmin>3</xmin>
      <ymin>60</ymin>
      <xmax>556</xmax>
      <ymax>388</ymax>
    </bndbox>
  </object>
</annotation>
