<annotation>
  <folder>Definitiva</folder>
  <filename>armas (1089)</filename>
  <path>C:\Users\Rob\Desktop\Definitiva\armas (1089).jpg</path>
  <source>
    <database>Unknown</database>
  </source>
  <size>
    <width>800</width>
    <height>602</height>
    <depth>3</depth>
  </size>
  <segmented>0</segmented>
  <object>
    <name>pistol</name>
    <pose>Unspecified</pose>
    <truncated>0</truncated>
    <difficult>0</difficult>
    <bndbox>
      <xmin>241</xmin>
      <ymin>94</ymin>
      <xmax>713</xmax>
      <ymax>469</ymax>
    </bndbox>
  </object>
</annotation>
