<annotation>
  <folder>Definitiva</folder>
  <filename>armas (1345)</filename>
  <path>C:\Users\Rob\Desktop\Definitiva\armas (1345).jpg</path>
  <source>
    <database>Unknown</database>
  </source>
  <size>
    <width>800</width>
    <height>549</height>
    <depth>3</depth>
  </size>
  <segmented>0</segmented>
  <object>
    <name>pistol</name>
    <pose>Unspecified</pose>
    <truncated>0</truncated>
    <difficult>0</difficult>
    <bndbox>
      <xmin>20</xmin>
      <ymin>61</ymin>
      <xmax>798</xmax>
      <ymax>497</ymax>
    </bndbox>
  </object>
  <object>
    <name>pistol</name>
    <pose>Unspecified</pose>
    <truncated>0</truncated>
    <difficult>0</difficult>
    <bndbox>
      <xmin>474</xmin>
      <ymin>323</ymin>
      <xmax>800</xmax>
      <ymax>530</ymax>
    </bndbox>
  </object>
</annotation>
