<annotation>
  <folder>Definitiva</folder>
  <filename>armas (1116)</filename>
  <path>C:\Users\Rob\Desktop\Definitiva\armas (1116).jpg</path>
  <source>
    <database>Unknown</database>
  </source>
  <size>
    <width>520</width>
    <height>540</height>
    <depth>3</depth>
  </size>
  <segmented>0</segmented>
  <object>
    <name>pistol</name>
    <pose>Unspecified</pose>
    <truncated>0</truncated>
    <difficult>0</difficult>
    <bndbox>
      <xmin>76</xmin>
      <ymin>176</ymin>
      <xmax>189</xmax>
      <ymax>354</ymax>
    </bndbox>
  </object>
</annotation>
