<annotation>
  <folder>Definitiva</folder>
  <filename>armas (1000)</filename>
  <path>C:\Users\Rob\Desktop\Definitiva\armas (1000).jpg</path>
  <source>
    <database>Unknown</database>
  </source>
  <size>
    <width>275</width>
    <height>183</height>
    <depth>1</depth>
  </size>
  <segmented>0</segmented>
  <object>
    <name>pistol</name>
    <pose>Unspecified</pose>
    <truncated>0</truncated>
    <difficult>0</difficult>
    <bndbox>
      <xmin>97</xmin>
      <ymin>4</ymin>
      <xmax>215</xmax>
      <ymax>96</ymax>
    </bndbox>
  </object>
</annotation>
