<annotation>
  <folder>Definitiva</folder>
  <filename>armas (1017)</filename>
  <path>C:\Users\Rob\Desktop\Definitiva\armas (1017).jpg</path>
  <source>
    <database>Unknown</database>
  </source>
  <size>
    <width>183</width>
    <height>275</height>
    <depth>3</depth>
  </size>
  <segmented>0</segmented>
  <object>
    <name>pistol</name>
    <pose>Unspecified</pose>
    <truncated>0</truncated>
    <difficult>0</difficult>
    <bndbox>
      <xmin>71</xmin>
      <ymin>60</ymin>
      <xmax>109</xmax>
      <ymax>108</ymax>
    </bndbox>
  </object>
</annotation>
