<annotation>
  <folder>Definitiva</folder>
  <filename>armas (114)</filename>
  <path>C:\Users\Rob\Desktop\Definitiva\armas (114).jpg</path>
  <source>
    <database>Unknown</database>
  </source>
  <size>
    <width>156</width>
    <height>235</height>
    <depth>3</depth>
  </size>
  <segmented>0</segmented>
  <object>
    <name>pistol</name>
    <pose>Unspecified</pose>
    <truncated>0</truncated>
    <difficult>0</difficult>
    <bndbox>
      <xmin>59</xmin>
      <ymin>50</ymin>
      <xmax>71</xmax>
      <ymax>75</ymax>
    </bndbox>
  </object>
</annotation>
