<annotation>
  <folder>Definitiva</folder>
  <filename>armas (1014)</filename>
  <path>C:\Users\Rob\Desktop\Definitiva\armas (1014).jpg</path>
  <source>
    <database>Unknown</database>
  </source>
  <size>
    <width>192</width>
    <height>240</height>
    <depth>3</depth>
  </size>
  <segmented>0</segmented>
  <object>
    <name>pistol</name>
    <pose>Unspecified</pose>
    <truncated>0</truncated>
    <difficult>0</difficult>
    <bndbox>
      <xmin>150</xmin>
      <ymin>26</ymin>
      <xmax>167</xmax>
      <ymax>81</ymax>
    </bndbox>
  </object>
</annotation>
