<annotation>
  <folder>Definitiva</folder>
  <filename>armas (144)</filename>
  <path>C:\Users\Rob\Desktop\Definitiva\armas (144).jpg</path>
  <source>
    <database>Unknown</database>
  </source>
  <size>
    <width>891</width>
    <height>1300</height>
    <depth>3</depth>
  </size>
  <segmented>0</segmented>
  <object>
    <name>pistol</name>
    <pose>Unspecified</pose>
    <truncated>0</truncated>
    <difficult>0</difficult>
    <bndbox>
      <xmin>419</xmin>
      <ymin>132</ymin>
      <xmax>544</xmax>
      <ymax>305</ymax>
    </bndbox>
  </object>
</annotation>
