<annotation>
  <folder>Definitiva</folder>
  <filename>armas (1156)</filename>
  <path>C:\Users\Rob\Desktop\Definitiva\armas (1156).jpg</path>
  <source>
    <database>Unknown</database>
  </source>
  <size>
    <width>1536</width>
    <height>1536</height>
    <depth>3</depth>
  </size>
  <segmented>0</segmented>
  <object>
    <name>pistol</name>
    <pose>Unspecified</pose>
    <truncated>0</truncated>
    <difficult>0</difficult>
    <bndbox>
      <xmin>1026</xmin>
      <ymin>543</ymin>
      <xmax>1348</xmax>
      <ymax>1285</ymax>
    </bndbox>
  </object>
  <object>
    <name>pistol</name>
    <pose>Unspecified</pose>
    <truncated>0</truncated>
    <difficult>0</difficult>
    <bndbox>
      <xmin>94</xmin>
      <ymin>411</ymin>
      <xmax>441</xmax>
      <ymax>1514</ymax>
    </bndbox>
  </object>
</annotation>
