<annotation>
  <folder>Definitiva</folder>
  <filename>armas (1115)</filename>
  <path>C:\Users\Rob\Desktop\Definitiva\armas (1115).jpg</path>
  <source>
    <database>Unknown</database>
  </source>
  <size>
    <width>708</width>
    <height>495</height>
    <depth>3</depth>
  </size>
  <segmented>0</segmented>
  <object>
    <name>pistol</name>
    <pose>Unspecified</pose>
    <truncated>0</truncated>
    <difficult>0</difficult>
    <bndbox>
      <xmin>201</xmin>
      <ymin>295</ymin>
      <xmax>234</xmax>
      <ymax>364</ymax>
    </bndbox>
  </object>
</annotation>
