<annotation>
  <folder>Definitiva</folder>
  <filename>armas (1092)</filename>
  <path>C:\Users\Rob\Desktop\Definitiva\armas (1092).jpg</path>
  <source>
    <database>Unknown</database>
  </source>
  <size>
    <width>538</width>
    <height>218</height>
    <depth>3</depth>
  </size>
  <segmented>0</segmented>
  <object>
    <name>pistol</name>
    <pose>Unspecified</pose>
    <truncated>0</truncated>
    <difficult>0</difficult>
    <bndbox>
      <xmin>28</xmin>
      <ymin>1</ymin>
      <xmax>389</xmax>
      <ymax>217</ymax>
    </bndbox>
  </object>
</annotation>
