<annotation>
  <folder>Definitiva</folder>
  <filename>armas (1153)</filename>
  <path>C:\Users\Rob\Desktop\Definitiva\armas (1153).jpg</path>
  <source>
    <database>Unknown</database>
  </source>
  <size>
    <width>640</width>
    <height>447</height>
    <depth>3</depth>
  </size>
  <segmented>0</segmented>
  <object>
    <name>pistol</name>
    <pose>Unspecified</pose>
    <truncated>0</truncated>
    <difficult>0</difficult>
    <bndbox>
      <xmin>159</xmin>
      <ymin>201</ymin>
      <xmax>215</xmax>
      <ymax>328</ymax>
    </bndbox>
  </object>
</annotation>
