<annotation>
  <folder>Definitiva</folder>
  <filename>armas (1164)</filename>
  <path>C:\Users\Rob\Desktop\Definitiva\armas (1164).jpg</path>
  <source>
    <database>Unknown</database>
  </source>
  <size>
    <width>1300</width>
    <height>972</height>
    <depth>3</depth>
  </size>
  <segmented>0</segmented>
  <object>
    <name>pistol</name>
    <pose>Unspecified</pose>
    <truncated>0</truncated>
    <difficult>0</difficult>
    <bndbox>
      <xmin>219</xmin>
      <ymin>343</ymin>
      <xmax>559</xmax>
      <ymax>700</ymax>
    </bndbox>
  </object>
</annotation>
