<annotation>
  <folder>Definitiva</folder>
  <filename>armas (1392)</filename>
  <path>C:\Users\Rob\Desktop\Definitiva\armas (1392).jpg</path>
  <source>
    <database>Unknown</database>
  </source>
  <size>
    <width>3262</width>
    <height>2446</height>
    <depth>3</depth>
  </size>
  <segmented>0</segmented>
  <object>
    <name>pistol</name>
    <pose>Unspecified</pose>
    <truncated>0</truncated>
    <difficult>0</difficult>
    <bndbox>
      <xmin>2</xmin>
      <ymin>256</ymin>
      <xmax>1683</xmax>
      <ymax>2446</ymax>
    </bndbox>
  </object>
  <object>
    <name>pistol</name>
    <pose>Unspecified</pose>
    <truncated>0</truncated>
    <difficult>0</difficult>
    <bndbox>
      <xmin>1606</xmin>
      <ymin>111</ymin>
      <xmax>3044</xmax>
      <ymax>2039</ymax>
    </bndbox>
  </object>
</annotation>
