<annotation>
  <folder>Definitiva</folder>
  <filename>armas (1297)</filename>
  <path>C:\Users\Rob\Desktop\Definitiva\armas (1297).jpg</path>
  <source>
    <database>Unknown</database>
  </source>
  <size>
    <width>500</width>
    <height>311</height>
    <depth>3</depth>
  </size>
  <segmented>0</segmented>
  <object>
    <name>pistol</name>
    <pose>Unspecified</pose>
    <truncated>0</truncated>
    <difficult>0</difficult>
    <bndbox>
      <xmin>216</xmin>
      <ymin>76</ymin>
      <xmax>427</xmax>
      <ymax>311</ymax>
    </bndbox>
  </object>
  <object>
    <name>pistol</name>
    <pose>Unspecified</pose>
    <truncated>0</truncated>
    <difficult>0</difficult>
    <bndbox>
      <xmin>28</xmin>
      <ymin>109</ymin>
      <xmax>278</xmax>
      <ymax>311</ymax>
    </bndbox>
  </object>
</annotation>
