<annotation>
  <folder>Definitiva</folder>
  <filename>armas (1044)</filename>
  <path>C:\Users\Rob\Desktop\Definitiva\armas (1044).jpg</path>
  <source>
    <database>Unknown</database>
  </source>
  <size>
    <width>212</width>
    <height>238</height>
    <depth>3</depth>
  </size>
  <segmented>0</segmented>
  <object>
    <name>pistol</name>
    <pose>Unspecified</pose>
    <truncated>0</truncated>
    <difficult>0</difficult>
    <bndbox>
      <xmin>3</xmin>
      <ymin>48</ymin>
      <xmax>47</xmax>
      <ymax>90</ymax>
    </bndbox>
  </object>
</annotation>
