<annotation>
  <folder>Definitiva</folder>
  <filename>armas (1154)</filename>
  <path>C:\Users\Rob\Desktop\Definitiva\armas (1154).jpg</path>
  <source>
    <database>Unknown</database>
  </source>
  <size>
    <width>637</width>
    <height>510</height>
    <depth>3</depth>
  </size>
  <segmented>0</segmented>
  <object>
    <name>pistol</name>
    <pose>Unspecified</pose>
    <truncated>0</truncated>
    <difficult>0</difficult>
    <bndbox>
      <xmin>359</xmin>
      <ymin>337</ymin>
      <xmax>422</xmax>
      <ymax>375</ymax>
    </bndbox>
  </object>
  <object>
    <name>pistol</name>
    <pose>Unspecified</pose>
    <truncated>0</truncated>
    <difficult>0</difficult>
    <bndbox>
      <xmin>131</xmin>
      <ymin>111</ymin>
      <xmax>178</xmax>
      <ymax>163</ymax>
    </bndbox>
  </object>
</annotation>
