<annotation>
  <folder>Definitiva</folder>
  <filename>armas (1298)</filename>
  <path>C:\Users\Rob\Desktop\Definitiva\armas (1298).jpg</path>
  <source>
    <database>Unknown</database>
  </source>
  <size>
    <width>450</width>
    <height>342</height>
    <depth>3</depth>
  </size>
  <segmented>0</segmented>
  <object>
    <name>pistol</name>
    <pose>Unspecified</pose>
    <truncated>0</truncated>
    <difficult>0</difficult>
    <bndbox>
      <xmin>63</xmin>
      <ymin>16</ymin>
      <xmax>417</xmax>
      <ymax>252</ymax>
    </bndbox>
  </object>
</annotation>
