<annotation>
  <folder>Definitiva</folder>
  <filename>armas (1155)</filename>
  <path>C:\Users\Rob\Desktop\Definitiva\armas (1155).jpg</path>
  <source>
    <database>Unknown</database>
  </source>
  <size>
    <width>570</width>
    <height>374</height>
    <depth>3</depth>
  </size>
  <segmented>0</segmented>
  <object>
    <name>pistol</name>
    <pose>Unspecified</pose>
    <truncated>0</truncated>
    <difficult>0</difficult>
    <bndbox>
      <xmin>31</xmin>
      <ymin>292</ymin>
      <xmax>82</xmax>
      <ymax>328</ymax>
    </bndbox>
  </object>
</annotation>
