<annotation>
  <folder>Definitiva</folder>
  <filename>armas (1314)</filename>
  <path>C:\Users\Rob\Desktop\Definitiva\armas (1314).jpg</path>
  <source>
    <database>Unknown</database>
  </source>
  <size>
    <width>955</width>
    <height>1000</height>
    <depth>3</depth>
  </size>
  <segmented>0</segmented>
  <object>
    <name>pistol</name>
    <pose>Unspecified</pose>
    <truncated>0</truncated>
    <difficult>0</difficult>
    <bndbox>
      <xmin>36</xmin>
      <ymin>63</ymin>
      <xmax>926</xmax>
      <ymax>978</ymax>
    </bndbox>
  </object>
</annotation>
