<annotation>
  <folder>Definitiva</folder>
  <filename>armas (1404)</filename>
  <path>C:\Users\Rob\Desktop\Definitiva\armas (1404).jpg</path>
  <source>
    <database>Unknown</database>
  </source>
  <size>
    <width>500</width>
    <height>443</height>
    <depth>3</depth>
  </size>
  <segmented>0</segmented>
  <object>
    <name>pistol</name>
    <pose>Unspecified</pose>
    <truncated>0</truncated>
    <difficult>0</difficult>
    <bndbox>
      <xmin>52</xmin>
      <ymin>81</ymin>
      <xmax>446</xmax>
      <ymax>361</ymax>
    </bndbox>
  </object>
  <object>
    <name>pistol</name>
    <pose>Unspecified</pose>
    <truncated>0</truncated>
    <difficult>0</difficult>
    <bndbox>
      <xmin>93</xmin>
      <ymin>250</ymin>
      <xmax>182</xmax>
      <ymax>372</ymax>
    </bndbox>
  </object>
</annotation>
