<annotation>
  <folder>Definitiva</folder>
  <filename>armas (1359)</filename>
  <path>C:\Users\Rob\Desktop\Definitiva\armas (1359).jpg</path>
  <source>
    <database>Unknown</database>
  </source>
  <size>
    <width>422</width>
    <height>500</height>
    <depth>3</depth>
  </size>
  <segmented>0</segmented>
  <object>
    <name>pistol</name>
    <pose>Unspecified</pose>
    <truncated>0</truncated>
    <difficult>0</difficult>
    <bndbox>
      <xmin>112</xmin>
      <ymin>282</ymin>
      <xmax>389</xmax>
      <ymax>481</ymax>
    </bndbox>
  </object>
  <object>
    <name>pistol</name>
    <pose>Unspecified</pose>
    <truncated>0</truncated>
    <difficult>0</difficult>
    <bndbox>
      <xmin>27</xmin>
      <ymin>21</ymin>
      <xmax>343</xmax>
      <ymax>215</ymax>
    </bndbox>
  </object>
</annotation>
