<annotation>
  <folder>Definitiva</folder>
  <filename>armas (1226)</filename>
  <path>C:\Users\Rob\Desktop\Definitiva\armas (1226).jpg</path>
  <source>
    <database>Unknown</database>
  </source>
  <size>
    <width>450</width>
    <height>300</height>
    <depth>3</depth>
  </size>
  <segmented>0</segmented>
  <object>
    <name>pistol</name>
    <pose>Unspecified</pose>
    <truncated>0</truncated>
    <difficult>0</difficult>
    <bndbox>
      <xmin>249</xmin>
      <ymin>87</ymin>
      <xmax>296</xmax>
      <ymax>120</ymax>
    </bndbox>
  </object>
  <object>
    <name>pistol</name>
    <pose>Unspecified</pose>
    <truncated>0</truncated>
    <difficult>0</difficult>
    <bndbox>
      <xmin>297</xmin>
      <ymin>93</ymin>
      <xmax>334</xmax>
      <ymax>114</ymax>
    </bndbox>
  </object>
</annotation>
