<annotation>
  <folder>Definitiva</folder>
  <filename>armas (1035)</filename>
  <path>C:\Users\Rob\Desktop\Definitiva\armas (1035).jpg</path>
  <source>
    <database>Unknown</database>
  </source>
  <size>
    <width>277</width>
    <height>182</height>
    <depth>3</depth>
  </size>
  <segmented>0</segmented>
  <object>
    <name>pistol</name>
    <pose>Unspecified</pose>
    <truncated>0</truncated>
    <difficult>0</difficult>
    <bndbox>
      <xmin>104</xmin>
      <ymin>43</ymin>
      <xmax>174</xmax>
      <ymax>141</ymax>
    </bndbox>
  </object>
</annotation>
