<annotation>
  <folder>Definitiva</folder>
  <filename>armas (1125)</filename>
  <path>C:\Users\Rob\Desktop\Definitiva\armas (1125).jpg</path>
  <source>
    <database>Unknown</database>
  </source>
  <size>
    <width>594</width>
    <height>410</height>
    <depth>1</depth>
  </size>
  <segmented>0</segmented>
  <object>
    <name>pistol</name>
    <pose>Unspecified</pose>
    <truncated>0</truncated>
    <difficult>0</difficult>
    <bndbox>
      <xmin>312</xmin>
      <ymin>115</ymin>
      <xmax>569</xmax>
      <ymax>234</ymax>
    </bndbox>
  </object>
</annotation>
