<annotation>
  <folder>Definitiva</folder>
  <filename>armas (1023)</filename>
  <path>C:\Users\Rob\Desktop\Definitiva\armas (1023).jpg</path>
  <source>
    <database>Unknown</database>
  </source>
  <size>
    <width>275</width>
    <height>183</height>
    <depth>3</depth>
  </size>
  <segmented>0</segmented>
  <object>
    <name>pistol</name>
    <pose>Unspecified</pose>
    <truncated>0</truncated>
    <difficult>0</difficult>
    <bndbox>
      <xmin>66</xmin>
      <ymin>56</ymin>
      <xmax>112</xmax>
      <ymax>173</ymax>
    </bndbox>
  </object>
</annotation>
