<annotation>
  <folder>Definitiva</folder>
  <filename>armas (1033)</filename>
  <path>C:\Users\Rob\Desktop\Definitiva\armas (1033).jpg</path>
  <source>
    <database>Unknown</database>
  </source>
  <size>
    <width>183</width>
    <height>276</height>
    <depth>3</depth>
  </size>
  <segmented>0</segmented>
  <object>
    <name>pistol</name>
    <pose>Unspecified</pose>
    <truncated>0</truncated>
    <difficult>0</difficult>
    <bndbox>
      <xmin>42</xmin>
      <ymin>106</ymin>
      <xmax>62</xmax>
      <ymax>131</ymax>
    </bndbox>
  </object>
</annotation>
