<annotation>
  <folder>Definitiva</folder>
  <filename>armas (1057)</filename>
  <path>C:\Users\Rob\Desktop\Definitiva\armas (1057).jpg</path>
  <source>
    <database>Unknown</database>
  </source>
  <size>
    <width>1300</width>
    <height>866</height>
    <depth>3</depth>
  </size>
  <segmented>0</segmented>
  <object>
    <name>pistol</name>
    <pose>Unspecified</pose>
    <truncated>0</truncated>
    <difficult>0</difficult>
    <bndbox>
      <xmin>180</xmin>
      <ymin>163</ymin>
      <xmax>1135</xmax>
      <ymax>553</ymax>
    </bndbox>
  </object>
</annotation>
