<annotation>
  <folder>Definitiva</folder>
  <filename>armas (1323)</filename>
  <path>C:\Users\Rob\Desktop\Definitiva\armas (1323).jpg</path>
  <source>
    <database>Unknown</database>
  </source>
  <size>
    <width>1000</width>
    <height>747</height>
    <depth>3</depth>
  </size>
  <segmented>0</segmented>
  <object>
    <name>pistol</name>
    <pose>Unspecified</pose>
    <truncated>0</truncated>
    <difficult>0</difficult>
    <bndbox>
      <xmin>72</xmin>
      <ymin>78</ymin>
      <xmax>912</xmax>
      <ymax>704</ymax>
    </bndbox>
  </object>
</annotation>
