<annotation>
  <folder>Definitiva</folder>
  <filename>armas (1338)</filename>
  <path>C:\Users\Rob\Desktop\Definitiva\armas (1338).jpg</path>
  <source>
    <database>Unknown</database>
  </source>
  <size>
    <width>1024</width>
    <height>641</height>
    <depth>3</depth>
  </size>
  <segmented>0</segmented>
  <object>
    <name>pistol</name>
    <pose>Unspecified</pose>
    <truncated>0</truncated>
    <difficult>0</difficult>
    <bndbox>
      <xmin>37</xmin>
      <ymin>35</ymin>
      <xmax>979</xmax>
      <ymax>610</ymax>
    </bndbox>
  </object>
</annotation>
