<annotation>
  <folder>Definitiva</folder>
  <filename>armas (1043)</filename>
  <path>C:\Users\Rob\Desktop\Definitiva\armas (1043).jpg</path>
  <source>
    <database>Unknown</database>
  </source>
  <size>
    <width>268</width>
    <height>188</height>
    <depth>3</depth>
  </size>
  <segmented>0</segmented>
  <object>
    <name>pistol</name>
    <pose>Unspecified</pose>
    <truncated>0</truncated>
    <difficult>0</difficult>
    <bndbox>
      <xmin>83</xmin>
      <ymin>20</ymin>
      <xmax>142</xmax>
      <ymax>74</ymax>
    </bndbox>
  </object>
</annotation>
