<annotation>
  <folder>Definitiva</folder>
  <filename>armas (1290)</filename>
  <path>C:\Users\Rob\Desktop\Definitiva\armas (1290).jpg</path>
  <source>
    <database>Unknown</database>
  </source>
  <size>
    <width>500</width>
    <height>348</height>
    <depth>3</depth>
  </size>
  <segmented>0</segmented>
  <object>
    <name>pistol</name>
    <pose>Unspecified</pose>
    <truncated>0</truncated>
    <difficult>0</difficult>
    <bndbox>
      <xmin>160</xmin>
      <ymin>44</ymin>
      <xmax>351</xmax>
      <ymax>162</ymax>
    </bndbox>
  </object>
</annotation>
