<annotation>
  <folder>Definitiva</folder>
  <filename>armas (1062)</filename>
  <path>C:\Users\Rob\Desktop\Definitiva\armas (1062).jpg</path>
  <source>
    <database>Unknown</database>
  </source>
  <size>
    <width>375</width>
    <height>275</height>
    <depth>3</depth>
  </size>
  <segmented>0</segmented>
  <object>
    <name>pistol</name>
    <pose>Unspecified</pose>
    <truncated>0</truncated>
    <difficult>0</difficult>
    <bndbox>
      <xmin>30</xmin>
      <ymin>93</ymin>
      <xmax>292</xmax>
      <ymax>187</ymax>
    </bndbox>
  </object>
  <object>
    <name>pistol</name>
    <pose>Unspecified</pose>
    <truncated>0</truncated>
    <difficult>0</difficult>
    <bndbox>
      <xmin>76</xmin>
      <ymin>118</ymin>
      <xmax>337</xmax>
      <ymax>200</ymax>
    </bndbox>
  </object>
</annotation>
