<annotation>
  <folder>Definitiva</folder>
  <filename>armas (1343)</filename>
  <path>C:\Users\Rob\Desktop\Definitiva\armas (1343).jpg</path>
  <source>
    <database>Unknown</database>
  </source>
  <size>
    <width>1024</width>
    <height>724</height>
    <depth>3</depth>
  </size>
  <segmented>0</segmented>
  <object>
    <name>pistol</name>
    <pose>Unspecified</pose>
    <truncated>0</truncated>
    <difficult>0</difficult>
    <bndbox>
      <xmin>169</xmin>
      <ymin>51</ymin>
      <xmax>851</xmax>
      <ymax>645</ymax>
    </bndbox>
  </object>
</annotation>
