<annotation>
  <folder>Definitiva</folder>
  <filename>armas (1148)</filename>
  <path>C:\Users\Rob\Desktop\Definitiva\armas (1148).jpg</path>
  <source>
    <database>Unknown</database>
  </source>
  <size>
    <width>1280</width>
    <height>854</height>
    <depth>3</depth>
  </size>
  <segmented>0</segmented>
  <object>
    <name>pistol</name>
    <pose>Unspecified</pose>
    <truncated>0</truncated>
    <difficult>0</difficult>
    <bndbox>
      <xmin>40</xmin>
      <ymin>235</ymin>
      <xmax>386</xmax>
      <ymax>759</ymax>
    </bndbox>
  </object>
  <object>
    <name>pistol</name>
    <pose>Unspecified</pose>
    <truncated>0</truncated>
    <difficult>0</difficult>
    <bndbox>
      <xmin>306</xmin>
      <ymin>99</ymin>
      <xmax>624</xmax>
      <ymax>587</ymax>
    </bndbox>
  </object>
  <object>
    <name>pistol</name>
    <pose>Unspecified</pose>
    <truncated>0</truncated>
    <difficult>0</difficult>
    <bndbox>
      <xmin>522</xmin>
      <ymin>261</ymin>
      <xmax>856</xmax>
      <ymax>801</ymax>
    </bndbox>
  </object>
  <object>
    <name>pistol</name>
    <pose>Unspecified</pose>
    <truncated>0</truncated>
    <difficult>0</difficult>
    <bndbox>
      <xmin>664</xmin>
      <ymin>83</ymin>
      <xmax>968</xmax>
      <ymax>567</ymax>
    </bndbox>
  </object>
  <object>
    <name>pistol</name>
    <pose>Unspecified</pose>
    <truncated>0</truncated>
    <difficult>0</difficult>
    <bndbox>
      <xmin>898</xmin>
      <ymin>205</ymin>
      <xmax>1244</xmax>
      <ymax>737</ymax>
    </bndbox>
  </object>
</annotation>
