<annotation>
  <folder>Definitiva</folder>
  <filename>armas (1347)</filename>
  <path>C:\Users\Rob\Desktop\Definitiva\armas (1347).jpg</path>
  <source>
    <database>Unknown</database>
  </source>
  <size>
    <width>590</width>
    <height>426</height>
    <depth>1</depth>
  </size>
  <segmented>0</segmented>
  <object>
    <name>pistol</name>
    <pose>Unspecified</pose>
    <truncated>0</truncated>
    <difficult>0</difficult>
    <bndbox>
      <xmin>40</xmin>
      <ymin>40</ymin>
      <xmax>553</xmax>
      <ymax>380</ymax>
    </bndbox>
  </object>
</annotation>
