<annotation>
  <folder>Definitiva</folder>
  <filename>armas (1190)</filename>
  <path>C:\Users\Rob\Desktop\Definitiva\armas (1190).jpg</path>
  <source>
    <database>Unknown</database>
  </source>
  <size>
    <width>300</width>
    <height>293</height>
    <depth>3</depth>
  </size>
  <segmented>0</segmented>
  <object>
    <name>pistol</name>
    <pose>Unspecified</pose>
    <truncated>0</truncated>
    <difficult>0</difficult>
    <bndbox>
      <xmin>4</xmin>
      <ymin>29</ymin>
      <xmax>300</xmax>
      <ymax>245</ymax>
    </bndbox>
  </object>
</annotation>
