<annotation>
  <folder>Definitiva</folder>
  <filename>armas (1094)</filename>
  <path>C:\Users\Rob\Desktop\Definitiva\armas (1094).jpg</path>
  <source>
    <database>Unknown</database>
  </source>
  <size>
    <width>1500</width>
    <height>1125</height>
    <depth>3</depth>
  </size>
  <segmented>0</segmented>
  <object>
    <name>pistol</name>
    <pose>Unspecified</pose>
    <truncated>0</truncated>
    <difficult>0</difficult>
    <bndbox>
      <xmin>9</xmin>
      <ymin>336</ymin>
      <xmax>538</xmax>
      <ymax>691</ymax>
    </bndbox>
  </object>
</annotation>
