<annotation>
  <folder>Definitiva</folder>
  <filename>armas (1147)</filename>
  <path>C:\Users\Rob\Desktop\Definitiva\armas (1147).jpg</path>
  <source>
    <database>Unknown</database>
  </source>
  <size>
    <width>620</width>
    <height>350</height>
    <depth>3</depth>
  </size>
  <segmented>0</segmented>
  <object>
    <name>pistol</name>
    <pose>Unspecified</pose>
    <truncated>0</truncated>
    <difficult>0</difficult>
    <bndbox>
      <xmin>43</xmin>
      <ymin>239</ymin>
      <xmax>102</xmax>
      <ymax>304</ymax>
    </bndbox>
  </object>
</annotation>
