<annotation>
  <folder>Definitiva</folder>
  <filename>armas (1025)</filename>
  <path>C:\Users\Rob\Desktop\Definitiva\armas (1025).jpg</path>
  <source>
    <database>Unknown</database>
  </source>
  <size>
    <width>183</width>
    <height>276</height>
    <depth>3</depth>
  </size>
  <segmented>0</segmented>
  <object>
    <name>pistol</name>
    <pose>Unspecified</pose>
    <truncated>0</truncated>
    <difficult>0</difficult>
    <bndbox>
      <xmin>113</xmin>
      <ymin>128</ymin>
      <xmax>161</xmax>
      <ymax>206</ymax>
    </bndbox>
  </object>
  <object>
    <name>pistol</name>
    <pose>Unspecified</pose>
    <truncated>0</truncated>
    <difficult>0</difficult>
    <bndbox>
      <xmin>86</xmin>
      <ymin>127</ymin>
      <xmax>116</xmax>
      <ymax>206</ymax>
    </bndbox>
  </object>
</annotation>
