<annotation>
  <folder>Definitiva</folder>
  <filename>armas (1144)</filename>
  <path>C:\Users\Rob\Desktop\Definitiva\armas (1144).jpg</path>
  <source>
    <database>Unknown</database>
  </source>
  <size>
    <width>550</width>
    <height>309</height>
    <depth>3</depth>
  </size>
  <segmented>0</segmented>
  <object>
    <name>pistol</name>
    <pose>Unspecified</pose>
    <truncated>0</truncated>
    <difficult>0</difficult>
    <bndbox>
      <xmin>188</xmin>
      <ymin>165</ymin>
      <xmax>238</xmax>
      <ymax>228</ymax>
    </bndbox>
  </object>
  <object>
    <name>pistol</name>
    <pose>Unspecified</pose>
    <truncated>0</truncated>
    <difficult>0</difficult>
    <bndbox>
      <xmin>440</xmin>
      <ymin>108</ymin>
      <xmax>491</xmax>
      <ymax>163</ymax>
    </bndbox>
  </object>
</annotation>
