<annotation>
  <folder>Definitiva</folder>
  <filename>armas (1401)</filename>
  <path>C:\Users\Rob\Desktop\Definitiva\armas (1401).jpg</path>
  <source>
    <database>Unknown</database>
  </source>
  <size>
    <width>500</width>
    <height>375</height>
    <depth>3</depth>
  </size>
  <segmented>0</segmented>
  <object>
    <name>pistol</name>
    <pose>Unspecified</pose>
    <truncated>0</truncated>
    <difficult>0</difficult>
    <bndbox>
      <xmin>126</xmin>
      <ymin>89</ymin>
      <xmax>373</xmax>
      <ymax>211</ymax>
    </bndbox>
  </object>
  <object>
    <name>pistol</name>
    <pose>Unspecified</pose>
    <truncated>0</truncated>
    <difficult>0</difficult>
    <bndbox>
      <xmin>81</xmin>
      <ymin>217</ymin>
      <xmax>360</xmax>
      <ymax>363</ymax>
    </bndbox>
  </object>
</annotation>
