<annotation>
  <folder>Definitiva</folder>
  <filename>armas (1188)</filename>
  <path>C:\Users\Rob\Desktop\Definitiva\armas (1188).jpg</path>
  <source>
    <database>Unknown</database>
  </source>
  <size>
    <width>630</width>
    <height>420</height>
    <depth>3</depth>
  </size>
  <segmented>0</segmented>
  <object>
    <name>pistol</name>
    <pose>Unspecified</pose>
    <truncated>0</truncated>
    <difficult>0</difficult>
    <bndbox>
      <xmin>117</xmin>
      <ymin>56</ymin>
      <xmax>591</xmax>
      <ymax>403</ymax>
    </bndbox>
  </object>
</annotation>
