<annotation>
  <folder>Definitiva</folder>
  <filename>armas (1280)</filename>
  <path>C:\Users\Rob\Desktop\Definitiva\armas (1280).jpg</path>
  <source>
    <database>Unknown</database>
  </source>
  <size>
    <width>500</width>
    <height>500</height>
    <depth>1</depth>
  </size>
  <segmented>0</segmented>
  <object>
    <name>pistol</name>
    <pose>Unspecified</pose>
    <truncated>0</truncated>
    <difficult>0</difficult>
    <bndbox>
      <xmin>126</xmin>
      <ymin>163</ymin>
      <xmax>276</xmax>
      <ymax>288</ymax>
    </bndbox>
  </object>
</annotation>
