<annotation>
  <folder>Definitiva</folder>
  <filename>armas (137)</filename>
  <path>C:\Users\Rob\Desktop\Definitiva\armas (137).jpg</path>
  <source>
    <database>Unknown</database>
  </source>
  <size>
    <width>168</width>
    <height>133</height>
    <depth>3</depth>
  </size>
  <segmented>0</segmented>
  <object>
    <name>pistol</name>
    <pose>Unspecified</pose>
    <truncated>0</truncated>
    <difficult>0</difficult>
    <bndbox>
      <xmin>75</xmin>
      <ymin>51</ymin>
      <xmax>100</xmax>
      <ymax>77</ymax>
    </bndbox>
  </object>
</annotation>
