<annotation>
  <folder>Definitiva</folder>
  <filename>armas (1091)</filename>
  <path>C:\Users\Rob\Desktop\Definitiva\armas (1091).jpg</path>
  <source>
    <database>Unknown</database>
  </source>
  <size>
    <width>1000</width>
    <height>752</height>
    <depth>3</depth>
  </size>
  <segmented>0</segmented>
  <object>
    <name>pistol</name>
    <pose>Unspecified</pose>
    <truncated>0</truncated>
    <difficult>0</difficult>
    <bndbox>
      <xmin>70</xmin>
      <ymin>32</ymin>
      <xmax>892</xmax>
      <ymax>711</ymax>
    </bndbox>
  </object>
</annotation>
