<annotation>
  <folder>Definitiva</folder>
  <filename>armas (1260)</filename>
  <path>C:\Users\Rob\Desktop\Definitiva\armas (1260).jpg</path>
  <source>
    <database>Unknown</database>
  </source>
  <size>
    <width>500</width>
    <height>375</height>
    <depth>3</depth>
  </size>
  <segmented>0</segmented>
  <object>
    <name>pistol</name>
    <pose>Unspecified</pose>
    <truncated>0</truncated>
    <difficult>0</difficult>
    <bndbox>
      <xmin>187</xmin>
      <ymin>126</ymin>
      <xmax>244</xmax>
      <ymax>196</ymax>
    </bndbox>
  </object>
  <object>
    <name>pistol</name>
    <pose>Unspecified</pose>
    <truncated>0</truncated>
    <difficult>0</difficult>
    <bndbox>
      <xmin>278</xmin>
      <ymin>103</ymin>
      <xmax>323</xmax>
      <ymax>212</ymax>
    </bndbox>
  </object>
</annotation>
