<annotation>
  <folder>Definitiva</folder>
  <filename>armas (1269)</filename>
  <path>C:\Users\Rob\Desktop\Definitiva\armas (1269).jpg</path>
  <source>
    <database>Unknown</database>
  </source>
  <size>
    <width>500</width>
    <height>339</height>
    <depth>1</depth>
  </size>
  <segmented>0</segmented>
  <object>
    <name>pistol</name>
    <pose>Unspecified</pose>
    <truncated>0</truncated>
    <difficult>0</difficult>
    <bndbox>
      <xmin>94</xmin>
      <ymin>25</ymin>
      <xmax>206</xmax>
      <ymax>286</ymax>
    </bndbox>
  </object>
  <object>
    <name>pistol</name>
    <pose>Unspecified</pose>
    <truncated>0</truncated>
    <difficult>0</difficult>
    <bndbox>
      <xmin>303</xmin>
      <ymin>120</ymin>
      <xmax>382</xmax>
      <ymax>259</ymax>
    </bndbox>
  </object>
</annotation>
