<annotation>
  <folder>Definitiva</folder>
  <filename>armas (1446)</filename>
  <path>C:\Users\Rob\Desktop\Definitiva\armas (1446).jpg</path>
  <source>
    <database>Unknown</database>
  </source>
  <size>
    <width>333</width>
    <height>500</height>
    <depth>3</depth>
  </size>
  <segmented>0</segmented>
  <object>
    <name>pistol</name>
    <pose>Unspecified</pose>
    <truncated>0</truncated>
    <difficult>0</difficult>
    <bndbox>
      <xmin>33</xmin>
      <ymin>7</ymin>
      <xmax>225</xmax>
      <ymax>500</ymax>
    </bndbox>
  </object>
</annotation>
