<annotation>
  <folder>Definitiva</folder>
  <filename>armas (1329)</filename>
  <path>C:\Users\Rob\Desktop\Definitiva\armas (1329).jpg</path>
  <source>
    <database>Unknown</database>
  </source>
  <size>
    <width>590</width>
    <height>408</height>
    <depth>1</depth>
  </size>
  <segmented>0</segmented>
  <object>
    <name>pistol</name>
    <pose>Unspecified</pose>
    <truncated>0</truncated>
    <difficult>0</difficult>
    <bndbox>
      <xmin>37</xmin>
      <ymin>31</ymin>
      <xmax>553</xmax>
      <ymax>377</ymax>
    </bndbox>
  </object>
</annotation>
