<annotation>
  <folder>Definitiva</folder>
  <filename>armas (1344)</filename>
  <path>C:\Users\Rob\Desktop\Definitiva\armas (1344).jpg</path>
  <source>
    <database>Unknown</database>
  </source>
  <size>
    <width>500</width>
    <height>332</height>
    <depth>3</depth>
  </size>
  <segmented>0</segmented>
  <object>
    <name>pistol</name>
    <pose>Unspecified</pose>
    <truncated>0</truncated>
    <difficult>0</difficult>
    <bndbox>
      <xmin>44</xmin>
      <ymin>18</ymin>
      <xmax>234</xmax>
      <ymax>293</ymax>
    </bndbox>
  </object>
  <object>
    <name>pistol</name>
    <pose>Unspecified</pose>
    <truncated>0</truncated>
    <difficult>0</difficult>
    <bndbox>
      <xmin>228</xmin>
      <ymin>22</ymin>
      <xmax>417</xmax>
      <ymax>292</ymax>
    </bndbox>
  </object>
</annotation>
