<annotation>
  <folder>Definitiva</folder>
  <filename>armas (1140)</filename>
  <path>C:\Users\Rob\Desktop\Definitiva\armas (1140).jpg</path>
  <source>
    <database>Unknown</database>
  </source>
  <size>
    <width>1200</width>
    <height>1200</height>
    <depth>1</depth>
  </size>
  <segmented>0</segmented>
  <object>
    <name>pistol</name>
    <pose>Unspecified</pose>
    <truncated>0</truncated>
    <difficult>0</difficult>
    <bndbox>
      <xmin>441</xmin>
      <ymin>247</ymin>
      <xmax>741</xmax>
      <ymax>622</ymax>
    </bndbox>
  </object>
</annotation>
