<annotation>
  <folder>Definitiva</folder>
  <filename>armas (1189)</filename>
  <path>C:\Users\Rob\Desktop\Definitiva\armas (1189).jpg</path>
  <source>
    <database>Unknown</database>
  </source>
  <size>
    <width>2000</width>
    <height>1600</height>
    <depth>3</depth>
  </size>
  <segmented>0</segmented>
  <object>
    <name>pistol</name>
    <pose>Unspecified</pose>
    <truncated>0</truncated>
    <difficult>0</difficult>
    <bndbox>
      <xmin>79</xmin>
      <ymin>243</ymin>
      <xmax>1928</xmax>
      <ymax>1351</ymax>
    </bndbox>
  </object>
</annotation>
