<annotation>
  <folder>Definitiva</folder>
  <filename>armas (129)</filename>
  <path>C:\Users\Rob\Desktop\Definitiva\armas (129).jpg</path>
  <source>
    <database>Unknown</database>
  </source>
  <size>
    <width>299</width>
    <height>450</height>
    <depth>3</depth>
  </size>
  <segmented>0</segmented>
  <object>
    <name>pistol</name>
    <pose>Unspecified</pose>
    <truncated>0</truncated>
    <difficult>0</difficult>
    <bndbox>
      <xmin>141</xmin>
      <ymin>204</ymin>
      <xmax>197</xmax>
      <ymax>339</ymax>
    </bndbox>
  </object>
  <object>
    <name>pistol</name>
    <pose>Unspecified</pose>
    <truncated>0</truncated>
    <difficult>0</difficult>
    <bndbox>
      <xmin>187</xmin>
      <ymin>207</ymin>
      <xmax>266</xmax>
      <ymax>342</ymax>
    </bndbox>
  </object>
</annotation>
