<annotation>
  <folder>Definitiva</folder>
  <filename>armas (1051)</filename>
  <path>C:\Users\Rob\Desktop\Definitiva\armas (1051).JPG</path>
  <source>
    <database>Unknown</database>
  </source>
  <size>
    <width>1000</width>
    <height>1193</height>
    <depth>3</depth>
  </size>
  <segmented>0</segmented>
  <object>
    <name>pistol</name>
    <pose>Unspecified</pose>
    <truncated>0</truncated>
    <difficult>0</difficult>
    <bndbox>
      <xmin>79</xmin>
      <ymin>203</ymin>
      <xmax>1000</xmax>
      <ymax>562</ymax>
    </bndbox>
  </object>
</annotation>
