<annotation>
  <folder>Definitiva</folder>
  <filename>armas (1136)</filename>
  <path>C:\Users\Rob\Desktop\Definitiva\armas (1136).jpg</path>
  <source>
    <database>Unknown</database>
  </source>
  <size>
    <width>620</width>
    <height>475</height>
    <depth>3</depth>
  </size>
  <segmented>0</segmented>
  <object>
    <name>pistol</name>
    <pose>Unspecified</pose>
    <truncated>0</truncated>
    <difficult>0</difficult>
    <bndbox>
      <xmin>384</xmin>
      <ymin>141</ymin>
      <xmax>544</xmax>
      <ymax>263</ymax>
    </bndbox>
  </object>
</annotation>
