<annotation>
  <folder>Definitiva</folder>
  <filename>armas (1245)</filename>
  <path>C:\Users\Rob\Desktop\Definitiva\armas (1245).jpg</path>
  <source>
    <database>Unknown</database>
  </source>
  <size>
    <width>540</width>
    <height>406</height>
    <depth>3</depth>
  </size>
  <segmented>0</segmented>
  <object>
    <name>pistol</name>
    <pose>Unspecified</pose>
    <truncated>0</truncated>
    <difficult>0</difficult>
    <bndbox>
      <xmin>23</xmin>
      <ymin>38</ymin>
      <xmax>517</xmax>
      <ymax>377</ymax>
    </bndbox>
  </object>
</annotation>
