<annotation>
  <folder>Definitiva</folder>
  <filename>armas (1067)</filename>
  <path>C:\Users\Rob\Desktop\Definitiva\armas (1067).jpg</path>
  <source>
    <database>Unknown</database>
  </source>
  <size>
    <width>527</width>
    <height>413</height>
    <depth>3</depth>
  </size>
  <segmented>0</segmented>
  <object>
    <name>pistol</name>
    <pose>Unspecified</pose>
    <truncated>0</truncated>
    <difficult>0</difficult>
    <bndbox>
      <xmin>29</xmin>
      <ymin>172</ymin>
      <xmax>162</xmax>
      <ymax>236</ymax>
    </bndbox>
  </object>
  <object>
    <name>pistol</name>
    <pose>Unspecified</pose>
    <truncated>0</truncated>
    <difficult>0</difficult>
    <bndbox>
      <xmin>202</xmin>
      <ymin>167</ymin>
      <xmax>327</xmax>
      <ymax>242</ymax>
    </bndbox>
  </object>
  <object>
    <name>pistol</name>
    <pose>Unspecified</pose>
    <truncated>0</truncated>
    <difficult>0</difficult>
    <bndbox>
      <xmin>373</xmin>
      <ymin>169</ymin>
      <xmax>498</xmax>
      <ymax>242</ymax>
    </bndbox>
  </object>
</annotation>
