<annotation>
  <folder>Definitiva</folder>
  <filename>armas (1295)</filename>
  <path>C:\Users\Rob\Desktop\Definitiva\armas (1295).jpg</path>
  <source>
    <database>Unknown</database>
  </source>
  <size>
    <width>496</width>
    <height>487</height>
    <depth>3</depth>
  </size>
  <segmented>0</segmented>
  <object>
    <name>pistol</name>
    <pose>Unspecified</pose>
    <truncated>0</truncated>
    <difficult>0</difficult>
    <bndbox>
      <xmin>69</xmin>
      <ymin>88</ymin>
      <xmax>282</xmax>
      <ymax>470</ymax>
    </bndbox>
  </object>
  <object>
    <name>pistol</name>
    <pose>Unspecified</pose>
    <truncated>0</truncated>
    <difficult>0</difficult>
    <bndbox>
      <xmin>278</xmin>
      <ymin>17</ymin>
      <xmax>482</xmax>
      <ymax>348</ymax>
    </bndbox>
  </object>
</annotation>
