<annotation>
  <folder>Definitiva</folder>
  <filename>armas (1168)</filename>
  <path>C:\Users\Rob\Desktop\Definitiva\armas (1168).jpg</path>
  <source>
    <database>Unknown</database>
  </source>
  <size>
    <width>608</width>
    <height>386</height>
    <depth>3</depth>
  </size>
  <segmented>0</segmented>
  <object>
    <name>pistol</name>
    <pose>Unspecified</pose>
    <truncated>0</truncated>
    <difficult>0</difficult>
    <bndbox>
      <xmin>196</xmin>
      <ymin>232</ymin>
      <xmax>211</xmax>
      <ymax>255</ymax>
    </bndbox>
  </object>
</annotation>
