<annotation>
  <folder>Definitiva</folder>
  <filename>armas (1142)</filename>
  <path>C:\Users\Rob\Desktop\Definitiva\armas (1142).jpg</path>
  <source>
    <database>Unknown</database>
  </source>
  <size>
    <width>380</width>
    <height>309</height>
    <depth>3</depth>
  </size>
  <segmented>0</segmented>
  <object>
    <name>pistol</name>
    <pose>Unspecified</pose>
    <truncated>0</truncated>
    <difficult>0</difficult>
    <bndbox>
      <xmin>39</xmin>
      <ymin>56</ymin>
      <xmax>344</xmax>
      <ymax>269</ymax>
    </bndbox>
  </object>
</annotation>
