<annotation>
  <folder>Definitiva</folder>
  <filename>armas (121)</filename>
  <path>C:\Users\Rob\Desktop\Definitiva\armas (121).jpg</path>
  <source>
    <database>Unknown</database>
  </source>
  <size>
    <width>660</width>
    <height>440</height>
    <depth>3</depth>
  </size>
  <segmented>0</segmented>
  <object>
    <name>pistol</name>
    <pose>Unspecified</pose>
    <truncated>0</truncated>
    <difficult>0</difficult>
    <bndbox>
      <xmin>447</xmin>
      <ymin>158</ymin>
      <xmax>559</xmax>
      <ymax>221</ymax>
    </bndbox>
  </object>
</annotation>
