<annotation>
  <folder>Definitiva</folder>
  <filename>armas (1152)</filename>
  <path>C:\Users\Rob\Desktop\Definitiva\armas (1152).jpg</path>
  <source>
    <database>Unknown</database>
  </source>
  <size>
    <width>511</width>
    <height>259</height>
    <depth>3</depth>
  </size>
  <segmented>0</segmented>
  <object>
    <name>pistol</name>
    <pose>Unspecified</pose>
    <truncated>0</truncated>
    <difficult>0</difficult>
    <bndbox>
      <xmin>1</xmin>
      <ymin>3</ymin>
      <xmax>501</xmax>
      <ymax>251</ymax>
    </bndbox>
  </object>
</annotation>
