<annotation>
  <folder>Definitiva</folder>
  <filename>armas (1061)</filename>
  <path>C:\Users\Rob\Desktop\Definitiva\armas (1061).jpg</path>
  <source>
    <database>Unknown</database>
  </source>
  <size>
    <width>2592</width>
    <height>1728</height>
    <depth>3</depth>
  </size>
  <segmented>0</segmented>
  <object>
    <name>pistol</name>
    <pose>Unspecified</pose>
    <truncated>0</truncated>
    <difficult>0</difficult>
    <bndbox>
      <xmin>1279</xmin>
      <ymin>526</ymin>
      <xmax>1450</xmax>
      <ymax>847</ymax>
    </bndbox>
  </object>
</annotation>
